runId,observation,clockOverheadNs
3,1,300
3,2,100
3,3,0
3,4,100
3,5,0
3,6,0
3,7,100
3,8,0
3,9,0
3,10,0
3,11,100
3,12,0
3,13,0
3,14,0
3,15,0
3,16,0
3,17,0
3,18,0
3,19,100
3,20,0
3,21,0
3,22,0
3,23,0
3,24,100
3,25,0
3,26,0
3,27,100
3,28,0
3,29,0
3,30,0
3,31,0
3,32,0
3,33,0
3,34,0
3,35,100
3,36,100
3,37,0
3,38,0
3,39,0
3,40,100
3,41,0
3,42,0
3,43,0
3,44,0
3,45,100
3,46,0
3,47,0
3,48,0
3,49,100
3,50,0
3,51,0
3,52,0
3,53,100
3,54,100
3,55,0
3,56,0
3,57,0
3,58,100
3,59,0
3,60,0
3,61,0
3,62,0
3,63,100
3,64,0
3,65,0
3,66,100
3,67,100
3,68,0
3,69,0
3,70,0
3,71,100
3,72,0
3,73,0
3,74,0
3,75,0
3,76,100
3,77,0
3,78,0
3,79,0
3,80,100
3,81,0
3,82,0
3,83,0
3,84,100
3,85,0
3,86,0
3,87,0
3,88,0
3,89,100
3,90,0
3,91,0
3,92,0
3,93,100
3,94,100
3,95,0
3,96,0
3,97,100
3,98,0
3,99,0
3,100,0
3,101,0
3,102,100
3,103,0
3,104,0
3,105,0
3,106,100
3,107,0
3,108,0
3,109,0
3,110,0
3,111,100
3,112,0
3,113,0
3,114,0
3,115,100
3,116,0
3,117,0
3,118,0
3,119,0
3,120,100
3,121,0
3,122,0
3,123,0
3,124,100
3,125,100
3,126,0
3,127,0
3,128,100
3,129,0
3,130,0
3,131,0
3,132,0
3,133,100
3,134,0
3,135,0
3,136,0
3,137,100
3,138,100
3,139,0
3,140,0
3,141,0
3,142,100
3,143,0
3,144,0
3,145,0
3,146,100
3,147,0
3,148,0
3,149,0
3,150,0
3,151,100
3,152,0
3,153,0
3,154,0
3,155,100
3,156,0
3,157,0
3,158,0
3,159,0
3,160,100
3,161,0
3,162,0
3,163,0
3,164,100
3,165,0
3,166,0
3,167,0
3,168,0
3,169,100
3,170,0
3,171,0
3,172,0
3,173,0
3,174,100
3,175,0
3,176,0
3,177,0
3,178,100
3,179,0
3,180,0
3,181,0
3,182,100
3,183,100
3,184,0
3,185,0
3,186,0
3,187,100
3,188,0
3,189,0
3,190,0
3,191,0
3,192,100
3,193,0
3,194,0
3,195,0
3,196,100
3,197,0
3,198,0
3,199,0
3,200,100
3,201,100
3,202,0
3,203,0
3,204,0
3,205,100
3,206,0
3,207,0
3,208,0
3,209,100
3,210,0
3,211,0
3,212,0
3,213,0
3,214,100
3,215,0
3,216,0
3,217,0
3,218,0
3,219,100
3,220,0
3,221,0
3,222,0
3,223,100
3,224,0
3,225,0
3,226,0
3,227,0
3,228,100
3,229,0
3,230,0
3,231,0
3,232,100
3,233,100
3,234,0
3,235,0
3,236,100
3,237,0
3,238,0
3,239,0
3,240,0
3,241,100
3,242,0
3,243,0
3,244,0
3,245,100
3,246,0
3,247,0
3,248,0
3,249,0
3,250,100
3,251,0
3,252,0
3,253,0
3,254,100
3,255,0
3,256,0
3,257,0
3,258,0
3,259,0
3,260,100
3,261,100
3,262,0
3,263,0
3,264,0
3,265,100
3,266,0
3,267,0
3,268,0
3,269,100
3,270,0
3,271,0
3,272,0
3,273,100
3,274,0
3,275,0
3,276,0
3,277,0
3,278,100
3,279,0
3,280,0
3,281,0
3,282,100
3,283,0
3,284,0
3,285,0
3,286,100
3,287,0
3,288,0
3,289,0
3,290,0
3,291,100
3,292,0
3,293,0
3,294,0
3,295,0
3,296,100
3,297,0
3,298,0
3,299,0
3,300,100
3,301,0
3,302,0
3,303,0
3,304,100
3,305,0
3,306,0
3,307,0
3,308,0
3,309,100
3,310,0
3,311,0
3,312,0
3,313,0
3,314,100
3,315,0
3,316,0
3,317,0
3,318,100
3,319,0
3,320,0
3,321,0
3,322,100
3,323,100
3,324,0
3,325,0
3,326,100
3,327,0
3,328,0
3,329,0
3,330,0
3,331,100
3,332,0
3,333,0
3,334,0
3,335,0
3,336,0
3,337,0
3,338,0
3,339,100
3,340,0
3,341,0
3,342,0
3,343,100
3,344,0
3,345,0
3,346,0
3,347,0
3,348,100
3,349,0
3,350,0
3,351,0
3,352,100
3,353,0
3,354,0
3,355,0
3,356,0
3,357,100
3,358,0
3,359,0
3,360,0
3,361,100
3,362,100
3,363,0
3,364,0
3,365,0
3,366,100
3,367,0
3,368,0
3,369,0
3,370,0
3,371,100
3,372,0
3,373,0
3,374,0
3,375,0
3,376,100
3,377,0
3,378,0
3,379,0
3,380,100
3,381,100
3,382,0
3,383,0
3,384,0
3,385,100
3,386,0
3,387,0
3,388,0
3,389,100
3,390,0
3,391,0
3,392,0
3,393,100
3,394,0
3,395,0
3,396,0
3,397,0
3,398,100
3,399,0
3,400,0
3,401,0
3,402,100
3,403,0
3,404,0
3,405,0
3,406,0
3,407,100
3,408,0
3,409,0
3,410,0
3,411,0
3,412,100
3,413,0
3,414,0
3,415,0
3,416,100
3,417,0
3,418,0
3,419,0
3,420,0
3,421,100
3,422,0
3,423,0
3,424,0
3,425,100
3,426,0
3,427,0
3,428,0
3,429,0
3,430,0
3,431,0
3,432,0
3,433,100
3,434,100
3,435,0
3,436,0
3,437,0
3,438,100
3,439,100
3,440,0
3,441,0
3,442,100
3,443,100
3,444,0
3,445,0
3,446,0
3,447,100
3,448,0
3,449,0
3,450,0
3,451,100
3,452,0
3,453,0
3,454,0
3,455,100
3,456,100
3,457,0
3,458,0
3,459,0
3,460,100
3,461,0
3,462,0
3,463,0
3,464,100
3,465,0
3,466,0
3,467,0
3,468,100
3,469,0
3,470,0
3,471,0
3,472,0
3,473,0
3,474,0
3,475,0
3,476,0
3,477,100
3,478,0
3,479,0
3,480,100
3,481,0
3,482,100
3,483,100
3,484,0
3,485,0
3,486,0
3,487,0
3,488,0
3,489,0
3,490,100
3,491,100
3,492,0
3,493,0
3,494,0
3,495,0
3,496,100
3,497,0
3,498,0
3,499,0
3,500,0
3,501,0
3,502,100
3,503,100
3,504,100
3,505,0
3,506,0
3,507,0
3,508,0
3,509,0
3,510,100
3,511,100
3,512,0
3,513,0
3,514,0
3,515,0
3,516,0
3,517,100
3,518,100
3,519,100
3,520,0
3,521,0
3,522,0
3,523,0
3,524,0
3,525,100
3,526,100
3,527,0
3,528,0
3,529,0
3,530,0
3,531,0
3,532,100
3,533,100
3,534,0
3,535,0
3,536,0
3,537,0
3,538,0
3,539,0
3,540,0
3,541,100
3,542,0
3,543,0
3,544,0
3,545,0
3,546,0
3,547,100
3,548,100
3,549,0
3,550,0
3,551,0
3,552,0
3,553,0
3,554,0
3,555,0
3,556,100
3,557,100
3,558,0
3,559,0
3,560,0
3,561,0
3,562,100
3,563,100
3,564,0
3,565,0
3,566,0
3,567,0
3,568,0
3,569,0
3,570,0
3,571,100
3,572,100
3,573,0
3,574,0
3,575,0
3,576,0
3,577,100
3,578,100
3,579,0
3,580,0
3,581,0
3,582,0
3,583,0
3,584,0
3,585,0
3,586,100
3,587,100
3,588,0
3,589,0
3,590,0
3,591,0
3,592,0
3,593,0
3,594,0
3,595,0
3,596,0
3,597,0
3,598,0
3,599,0
3,600,100
3,601,100
3,602,0
3,603,0
3,604,0
3,605,0
3,606,0
3,607,0
3,608,100
3,609,0
3,610,0
3,611,100
3,612,0
3,613,0
3,614,0
3,615,0
3,616,0
3,617,0
3,618,100
3,619,100
3,620,0
3,621,0
3,622,0
3,623,0
3,624,100
3,625,100
3,626,0
3,627,0
3,628,0
3,629,0
3,630,0
3,631,0
3,632,100
3,633,100
3,634,0
3,635,0
3,636,0
3,637,0
3,638,0
3,639,0
3,640,100
3,641,100
3,642,0
3,643,0
3,644,0
3,645,0
3,646,0
3,647,0
3,648,100
3,649,100
3,650,0
3,651,0
3,652,0
3,653,0
3,654,0
3,655,0
3,656,100
3,657,0
3,658,0
3,659,0
3,660,0
3,661,0
3,662,0
3,663,100
3,664,100
3,665,0
3,666,0
3,667,0
3,668,0
3,669,0
3,670,0
3,671,100
3,672,0
3,673,0
3,674,0
3,675,0
3,676,0
3,677,100
3,678,100
3,679,0
3,680,0
3,681,0
3,682,0
3,683,0
3,684,0
3,685,0
3,686,100
3,687,100
3,688,0
3,689,0
3,690,0
3,691,0
3,692,100
3,693,100
3,694,100
3,695,0
3,696,0
3,697,0
3,698,0
3,699,0
3,700,100
3,701,100
3,702,0
3,703,0
3,704,0
3,705,0
3,706,100
3,707,100
3,708,100
3,709,0
3,710,0
3,711,0
3,712,0
3,713,0
3,714,0
3,715,100
3,716,100
3,717,0
3,718,0
3,719,0
3,720,0
3,721,0
3,722,0
3,723,100
3,724,100
3,725,0
3,726,0
3,727,0
3,728,0
3,729,0
3,730,0
3,731,0
3,732,100
3,733,100
3,734,0
3,735,0
3,736,0
3,737,0
3,738,100
3,739,0
3,740,0
3,741,0
3,742,0
3,743,100
3,744,100
3,745,100
3,746,0
3,747,0
3,748,0
3,749,0
3,750,0
3,751,100
3,752,0
3,753,0
3,754,0
3,755,0
3,756,0
3,757,100
3,758,100
3,759,0
3,760,0
3,761,0
3,762,0
3,763,0
3,764,0
3,765,0
3,766,100
3,767,100
3,768,0
3,769,0
3,770,0
3,771,0
3,772,0
3,773,100
3,774,100
3,775,0
3,776,0
3,777,0
3,778,0
3,779,0
3,780,0
3,781,100
3,782,100
3,783,0
3,784,0
3,785,0
3,786,0
3,787,100
3,788,100
3,789,100
3,790,0
3,791,0
3,792,0
3,793,0
3,794,100
3,795,100
3,796,0
3,797,0
3,798,0
3,799,0
3,800,0
3,801,100
3,802,100
3,803,0
3,804,0
3,805,0
3,806,0
3,807,0
3,808,0
3,809,100
3,810,100
3,811,0
3,812,0
3,813,0
3,814,0
3,815,0
3,816,100
3,817,100
3,818,0
3,819,0
3,820,0
3,821,0
3,822,0
3,823,100
3,824,100
3,825,0
3,826,0
3,827,0
3,828,0
3,829,0
3,830,0
3,831,100
3,832,100
3,833,0
3,834,0
3,835,0
3,836,0
3,837,100
3,838,100
3,839,100
3,840,0
3,841,0
3,842,0
3,843,0
3,844,0
3,845,0
3,846,100
3,847,100
3,848,0
3,849,0
3,850,0
3,851,100
3,852,100
3,853,0
3,854,0
3,855,0
3,856,0
3,857,0
3,858,0
3,859,100
3,860,100
3,861,100
3,862,0
3,863,0
3,864,0
3,865,0
3,866,0
3,867,100
3,868,100
3,869,0
3,870,0
3,871,0
3,872,0
3,873,0
3,874,0
3,875,100
3,876,100
3,877,100
3,878,0
3,879,0
3,880,0
3,881,0
3,882,100
3,883,100
3,884,0
3,885,0
3,886,0
3,887,0
3,888,0
3,889,0
3,890,100
3,891,100
3,892,100
3,893,0
3,894,0
3,895,0
3,896,0
3,897,0
3,898,100
3,899,0
3,900,0
3,901,0
3,902,0
3,903,0
3,904,0
3,905,0
3,906,100
3,907,100
3,908,0
3,909,0
3,910,0
3,911,0
3,912,0
3,913,100
3,914,100
3,915,0
3,916,0
3,917,0
3,918,100
3,919,100
3,920,0
3,921,0
3,922,0
3,923,0
3,924,100
3,925,100
3,926,0
3,927,0
3,928,0
3,929,0
3,930,100
3,931,100
3,932,0
3,933,0
3,934,0
3,935,0
3,936,0
3,937,0
3,938,100
3,939,100
3,940,100
3,941,0
3,942,0
3,943,0
3,944,0
3,945,0
3,946,100
3,947,0
3,948,0
3,949,0
3,950,0
3,951,0
3,952,0
3,953,0
3,954,100
3,955,100
3,956,0
3,957,0
3,958,0
3,959,0
3,960,0
3,961,100
3,962,0
3,963,0
3,964,0
3,965,0
3,966,0
3,967,0
3,968,0
3,969,100
3,970,100
3,971,0
3,972,0
3,973,0
3,974,0
3,975,0
3,976,100
3,977,0
3,978,0
3,979,0
3,980,0
3,981,0
3,982,100
3,983,100
3,984,0
3,985,0
3,986,0
3,987,0
3,988,0
3,989,0
3,990,100
3,991,100
3,992,0
3,993,0
3,994,0
3,995,0
3,996,0
3,997,100
3,998,100
3,999,0
3,1000,0
3,1001,0
3,1002,0
3,1003,0
3,1004,0
3,1005,100
3,1006,100
3,1007,0
3,1008,0
3,1009,0
3,1010,0
3,1011,100
3,1012,100
3,1013,100
3,1014,0
3,1015,0
3,1016,0
3,1017,0
3,1018,0
3,1019,0
3,1020,100
3,1021,100
3,1022,100
3,1023,0
3,1024,0
3,1025,100
3,1026,0
3,1027,0
3,1028,0
3,1029,100
3,1030,100
3,1031,0
3,1032,0
3,1033,0
3,1034,0
3,1035,0
3,1036,0
3,1037,100
3,1038,100
3,1039,0
3,1040,0
3,1041,0
3,1042,0
3,1043,100
3,1044,100
3,1045,0
3,1046,0
3,1047,0
3,1048,0
3,1049,0
3,1050,0
3,1051,100
3,1052,100
3,1053,0
3,1054,0
3,1055,0
3,1056,0
3,1057,0
3,1058,100
3,1059,100
3,1060,0
3,1061,0
3,1062,0
3,1063,0
3,1064,0
3,1065,100
3,1066,100
3,1067,0
3,1068,0
3,1069,0
3,1070,0
3,1071,100
3,1072,100
3,1073,0
3,1074,0
3,1075,0
3,1076,0
3,1077,0
3,1078,100
3,1079,100
3,1080,0
3,1081,0
3,1082,0
3,1083,0
3,1084,0
3,1085,0
3,1086,100
3,1087,100
3,1088,0
3,1089,0
3,1090,0
3,1091,100
3,1092,100
3,1093,0
3,1094,0
3,1095,0
3,1096,0
3,1097,0
3,1098,0
3,1099,100
3,1100,100
3,1101,100
3,1102,0
3,1103,0
3,1104,0
3,1105,100
3,1106,0
3,1107,0
3,1108,0
3,1109,0
3,1110,0
3,1111,0
3,1112,100
3,1113,100
3,1114,0
3,1115,0
3,1116,0
3,1117,0
3,1118,0
3,1119,100
3,1120,0
3,1121,0
3,1122,0
3,1123,0
3,1124,0
3,1125,100
3,1126,100
3,1127,0
3,1128,0
3,1129,0
3,1130,0
3,1131,0
3,1132,0
3,1133,100
3,1134,100
3,1135,0
3,1136,0
3,1137,0
3,1138,0
3,1139,100
3,1140,0
3,1141,0
3,1142,0
3,1143,0
3,1144,0
3,1145,0
3,1146,100
3,1147,100
3,1148,0
3,1149,0
3,1150,0
3,1151,0
3,1152,0
3,1153,100
3,1154,0
3,1155,0
3,1156,0
3,1157,0
3,1158,0
3,1159,0
3,1160,100
3,1161,100
3,1162,0
3,1163,0
3,1164,0
3,1165,0
3,1166,0
3,1167,100
3,1168,100
3,1169,0
3,1170,0
3,1171,0
3,1172,0
3,1173,0
3,1174,100
3,1175,100
3,1176,0
3,1177,0
3,1178,0
3,1179,0
3,1180,0
3,1181,0
3,1182,100
3,1183,0
3,1184,0
3,1185,0
3,1186,0
3,1187,0
3,1188,100
3,1189,100
3,1190,0
3,1191,0
3,1192,0
3,1193,0
3,1194,0
3,1195,0
3,1196,100
3,1197,100
3,1198,0
3,1199,0
3,1200,0
3,1201,0
3,1202,100
3,1203,100
3,1204,0
3,1205,0
3,1206,0
3,1207,0
3,1208,100
3,1209,100
3,1210,0
3,1211,100
3,1212,100
3,1213,100
3,1214,100
3,1215,100
3,1216,100
3,1217,100
3,1218,0
3,1219,0
3,1220,0
3,1221,0
3,1222,0
3,1223,0
3,1224,0
3,1225,0
3,1226,0
3,1227,0
3,1228,0
3,1229,0
3,1230,0
3,1231,0
3,1232,100
3,1233,0
3,1234,0
3,1235,0
3,1236,0
3,1237,0
3,1238,100
3,1239,100
3,1240,100
3,1241,100
3,1242,100
3,1243,100
3,1244,100
3,1245,0
3,1246,0
3,1247,0
3,1248,0
3,1249,0
3,1250,0
3,1251,0
3,1252,0
3,1253,0
3,1254,0
3,1255,0
3,1256,100
3,1257,100
3,1258,100
3,1259,100
3,1260,100
3,1261,100
3,1262,100
3,1263,0
3,1264,0
3,1265,0
3,1266,0
3,1267,0
3,1268,0
3,1269,0
3,1270,0
3,1271,0
3,1272,0
3,1273,0
3,1274,0
3,1275,0
3,1276,0
3,1277,0
3,1278,100
3,1279,100
3,1280,100
3,1281,0
3,1282,0
3,1283,0
3,1284,0
3,1285,0
3,1286,0
3,1287,0
3,1288,0
3,1289,0
3,1290,0
3,1291,0
3,1292,0
3,1293,0
3,1294,0
3,1295,0
3,1296,100
3,1297,100
3,1298,100
3,1299,100
3,1300,100
3,1301,0
3,1302,0
3,1303,0
3,1304,0
3,1305,0
3,1306,0
3,1307,0
3,1308,0
3,1309,0
3,1310,0
3,1311,0
3,1312,0
3,1313,0
3,1314,0
3,1315,0
3,1316,100
3,1317,100
3,1318,100
3,1319,100
3,1320,0
3,1321,0
3,1322,0
3,1323,0
3,1324,0
3,1325,0
3,1326,0
3,1327,0
3,1328,0
3,1329,0
3,1330,0
3,1331,0
3,1332,0
3,1333,0
3,1334,0
3,1335,100
3,1336,100
3,1337,100
3,1338,100
3,1339,100
3,1340,100
3,1341,100
3,1342,0
3,1343,0
3,1344,0
3,1345,0
3,1346,0
3,1347,0
3,1348,0
3,1349,0
3,1350,0
3,1351,0
3,1352,0
3,1353,0
3,1354,0
3,1355,0
3,1356,0
3,1357,100
3,1358,100
3,1359,100
3,1360,100
3,1361,100
3,1362,100
3,1363,100
3,1364,0
3,1365,0
3,1366,0
3,1367,0
3,1368,0
3,1369,0
3,1370,0
3,1371,0
3,1372,0
3,1373,0
3,1374,0
3,1375,0
3,1376,0
3,1377,100
3,1378,100
3,1379,100
3,1380,0
3,1381,0
3,1382,0
3,1383,0
3,1384,0
3,1385,0
3,1386,0
3,1387,0
3,1388,0
3,1389,0
3,1390,0
3,1391,0
3,1392,0
3,1393,100
3,1394,100
3,1395,100
3,1396,100
3,1397,0
3,1398,0
3,1399,0
3,1400,0
3,1401,0
3,1402,0
3,1403,0
3,1404,0
3,1405,0
3,1406,0
3,1407,0
3,1408,0
3,1409,0
3,1410,100
3,1411,100
3,1412,100
3,1413,100
3,1414,0
3,1415,0
3,1416,0
3,1417,0
3,1418,0
3,1419,0
3,1420,0
3,1421,0
3,1422,0
3,1423,0
3,1424,0
3,1425,0
3,1426,0
3,1427,100
3,1428,100
3,1429,100
3,1430,100
3,1431,0
3,1432,0
3,1433,0
3,1434,0
3,1435,0
3,1436,0
3,1437,0
3,1438,0
3,1439,0
3,1440,0
3,1441,0
3,1442,0
3,1443,100
3,1444,100
3,1445,100
3,1446,100
3,1447,0
3,1448,0
3,1449,0
3,1450,0
3,1451,0
3,1452,0
3,1453,0
3,1454,0
3,1455,0
3,1456,0
3,1457,0
3,1458,0
3,1459,0
3,1460,100
3,1461,100
3,1462,100
3,1463,0
3,1464,0
3,1465,0
3,1466,0
3,1467,0
3,1468,0
3,1469,0
3,1470,0
3,1471,0
3,1472,0
3,1473,0
3,1474,0
3,1475,0
3,1476,100
3,1477,100
3,1478,100
3,1479,100
3,1480,0
3,1481,0
3,1482,0
3,1483,0
3,1484,0
3,1485,0
3,1486,0
3,1487,0
3,1488,0
3,1489,0
3,1490,0
3,1491,0
3,1492,0
3,1493,0
3,1494,0
3,1495,100
3,1496,100
3,1497,100
3,1498,100
3,1499,100
3,1500,100
3,1501,100
3,1502,100
3,1503,0
3,1504,0
3,1505,0
3,1506,100
3,1507,100
3,1508,100
3,1509,100
3,1510,100
3,1511,100
3,1512,0
3,1513,0
3,1514,0
3,1515,0
3,1516,0
3,1517,0
3,1518,0
3,1519,0
3,1520,0
3,1521,0
3,1522,0
3,1523,0
3,1524,100
3,1525,100
3,1526,100
3,1527,100
3,1528,0
3,1529,0
3,1530,0
3,1531,0
3,1532,0
3,1533,0
3,1534,0
3,1535,0
3,1536,0
3,1537,0
3,1538,0
3,1539,0
3,1540,100
3,1541,100
3,1542,100
3,1543,0
3,1544,0
3,1545,0
3,1546,0
3,1547,0
3,1548,0
3,1549,0
3,1550,0
3,1551,0
3,1552,0
3,1553,0
3,1554,0
3,1555,0
3,1556,0
3,1557,100
3,1558,100
3,1559,100
3,1560,100
3,1561,0
3,1562,0
3,1563,0
3,1564,0
3,1565,0
3,1566,0
3,1567,0
3,1568,0
3,1569,0
3,1570,0
3,1571,0
3,1572,0
3,1573,100
3,1574,100
3,1575,100
3,1576,100
3,1577,0
3,1578,0
3,1579,0
3,1580,0
3,1581,0
3,1582,0
3,1583,0
3,1584,0
3,1585,0
3,1586,0
3,1587,0
3,1588,0
3,1589,100
3,1590,100
3,1591,100
3,1592,100
3,1593,0
3,1594,0
3,1595,0
3,1596,0
3,1597,0
3,1598,0
3,1599,0
3,1600,0
3,1601,0
3,1602,0
3,1603,0
3,1604,0
3,1605,0
3,1606,100
3,1607,100
3,1608,100
3,1609,0
3,1610,0
3,1611,0
3,1612,0
3,1613,0
3,1614,0
3,1615,0
3,1616,0
3,1617,0
3,1618,0
3,1619,0
3,1620,0
3,1621,0
3,1622,0
3,1623,0
3,1624,100
3,1625,100
3,1626,100
3,1627,100
3,1628,100
3,1629,0
3,1630,0
3,1631,0
3,1632,0
3,1633,0
3,1634,0
3,1635,0
3,1636,0
3,1637,0
3,1638,0
3,1639,0
3,1640,0
3,1641,100
3,1642,100
3,1643,100
3,1644,100
3,1645,0
3,1646,0
3,1647,0
3,1648,0
3,1649,0
3,1650,0
3,1651,0
3,1652,0
3,1653,0
3,1654,0
3,1655,0
3,1656,0
3,1657,100
3,1658,100
3,1659,100
3,1660,100
3,1661,100
3,1662,0
3,1663,0
3,1664,0
3,1665,0
3,1666,0
3,1667,0
3,1668,0
3,1669,0
3,1670,0
3,1671,0
3,1672,0
3,1673,0
3,1674,100
3,1675,100
3,1676,100
3,1677,100
3,1678,0
3,1679,0
3,1680,0
3,1681,0
3,1682,0
3,1683,0
3,1684,0
3,1685,0
3,1686,0
3,1687,0
3,1688,0
3,1689,0
3,1690,0
3,1691,0
3,1692,100
3,1693,100
3,1694,100
3,1695,0
3,1696,0
3,1697,0
3,1698,0
3,1699,0
3,1700,0
3,1701,0
3,1702,0
3,1703,0
3,1704,0
3,1705,0
3,1706,0
3,1707,0
3,1708,100
3,1709,100
3,1710,100
3,1711,100
3,1712,0
3,1713,0
3,1714,0
3,1715,0
3,1716,0
3,1717,0
3,1718,0
3,1719,0
3,1720,0
3,1721,0
3,1722,0
3,1723,0
3,1724,100
3,1725,100
3,1726,100
3,1727,100
3,1728,100
3,1729,0
3,1730,0
3,1731,0
3,1732,0
3,1733,0
3,1734,0
3,1735,0
3,1736,0
3,1737,0
3,1738,0
3,1739,0
3,1740,100
3,1741,100
3,1742,100
3,1743,100
3,1744,0
3,1745,100
3,1746,100
3,1747,100
3,1748,100
3,1749,100
3,1750,0
3,1751,0
3,1752,0
3,1753,0
3,1754,0
3,1755,0
3,1756,0
3,1757,0
3,1758,0
3,1759,0
3,1760,0
3,1761,0
3,1762,0
3,1763,0
3,1764,100
3,1765,100
3,1766,100
3,1767,100
3,1768,0
3,1769,0
3,1770,0
3,1771,0
3,1772,0
3,1773,0
3,1774,0
3,1775,0
3,1776,0
3,1777,0
3,1778,0
3,1779,0
3,1780,0
3,1781,0
3,1782,0
3,1783,0
3,1784,100
3,1785,100
3,1786,100
3,1787,100
3,1788,100
3,1789,0
3,1790,0
3,1791,100
3,1792,100
3,1793,100
3,1794,0
3,1795,0
3,1796,0
3,1797,0
3,1798,0
3,1799,0
3,1800,0
3,1801,0
3,1802,0
3,1803,0
3,1804,0
3,1805,0
3,1806,0
3,1807,0
3,1808,0
3,1809,0
3,1810,0
3,1811,0
3,1812,100
3,1813,100
3,1814,100
3,1815,100
3,1816,100
3,1817,0
3,1818,0
3,1819,0
3,1820,0
3,1821,0
3,1822,0
3,1823,0
3,1824,0
3,1825,0
3,1826,0
3,1827,0
3,1828,0
3,1829,0
3,1830,0
3,1831,100
3,1832,100
3,1833,100
3,1834,0
3,1835,0
3,1836,0
3,1837,0
3,1838,0
3,1839,0
3,1840,0
3,1841,0
3,1842,0
3,1843,0
3,1844,0
3,1845,0
3,1846,0
3,1847,0
3,1848,0
3,1849,0
3,1850,100
3,1851,100
3,1852,100
3,1853,100
3,1854,0
3,1855,0
3,1856,0
3,1857,0
3,1858,0
3,1859,0
3,1860,0
3,1861,0
3,1862,0
3,1863,0
3,1864,0
3,1865,0
3,1866,0
3,1867,0
3,1868,0
3,1869,0
3,1870,0
3,1871,100
3,1872,100
3,1873,0
3,1874,0
3,1875,0
3,1876,0
3,1877,0
3,1878,0
3,1879,0
3,1880,0
3,1881,0
3,1882,0
3,1883,0
3,1884,0
3,1885,0
3,1886,0
3,1887,0
3,1888,0
3,1889,0
3,1890,0
3,1891,100
3,1892,0
3,1893,100
3,1894,100
3,1895,100
3,1896,100
3,1897,0
3,1898,0
3,1899,0
3,1900,0
3,1901,0
3,1902,0
3,1903,0
3,1904,0
3,1905,0
3,1906,0
3,1907,0
3,1908,0
3,1909,0
3,1910,0
3,1911,100
3,1912,100
3,1913,100
3,1914,100
3,1915,0
3,1916,0
3,1917,0
3,1918,0
3,1919,0
3,1920,0
3,1921,0
3,1922,0
3,1923,0
3,1924,0
3,1925,0
3,1926,0
3,1927,0
3,1928,100
3,1929,100
3,1930,100
3,1931,100
3,1932,100
3,1933,0
3,1934,100
3,1935,0
3,1936,0
3,1937,0
3,1938,0
3,1939,0
3,1940,0
3,1941,0
3,1942,0
3,1943,0
3,1944,0
3,1945,0
3,1946,0
3,1947,0
3,1948,0
3,1949,0
3,1950,100
3,1951,100
3,1952,100
3,1953,100
3,1954,100
3,1955,100
3,1956,0
3,1957,0
3,1958,0
3,1959,0
3,1960,0
3,1961,0
3,1962,0
3,1963,0
3,1964,0
3,1965,0
3,1966,0
3,1967,100
3,1968,100
3,1969,0
3,1970,0
3,1971,100
3,1972,100
3,1973,100
3,1974,100
3,1975,0
3,1976,0
3,1977,0
3,1978,0
3,1979,0
3,1980,0
3,1981,0
3,1982,0
3,1983,0
3,1984,0
3,1985,0
3,1986,0
3,1987,0
3,1988,0
3,1989,100
3,1990,100
3,1991,100
3,1992,100
3,1993,100
3,1994,100
3,1995,100
3,1996,0
3,1997,0
3,1998,0
3,1999,0
3,2000,0
3,2001,0
3,2002,0
3,2003,0
3,2004,0
3,2005,0
3,2006,0
3,2007,0
3,2008,0
3,2009,0
3,2010,0
3,2011,0
3,2012,0
3,2013,0
3,2014,0
3,2015,100
3,2016,100
3,2017,100
3,2018,100
3,2019,100
3,2020,100
3,2021,100
3,2022,100
3,2023,100
3,2024,0
3,2025,0
3,2026,0
3,2027,0
3,2028,0
3,2029,0
3,2030,0
3,2031,0
3,2032,0
3,2033,0
3,2034,0
3,2035,0
3,2036,0
3,2037,100
3,2038,100
3,2039,100
3,2040,100
3,2041,0
3,2042,0
3,2043,0
3,2044,0
3,2045,0
3,2046,0
3,2047,0
3,2048,0
3,2049,100
3,2050,0
3,2051,100
3,2052,100
3,2053,100
3,2054,100
3,2055,0
3,2056,0
3,2057,0
3,2058,0
3,2059,0
3,2060,0
3,2061,0
3,2062,0
3,2063,0
3,2064,0
3,2065,0
3,2066,0
3,2067,0
3,2068,0
3,2069,100
3,2070,100
3,2071,100
3,2072,100
3,2073,0
3,2074,0
3,2075,0
3,2076,0
3,2077,0
3,2078,0
3,2079,0
3,2080,0
3,2081,0
3,2082,0
3,2083,0
3,2084,0
3,2085,0
3,2086,0
3,2087,0
3,2088,100
3,2089,100
3,2090,100
3,2091,100
3,2092,0
3,2093,0
3,2094,0
3,2095,0
3,2096,0
3,2097,0
3,2098,0
3,2099,0
3,2100,0
3,2101,0
3,2102,0
3,2103,0
3,2104,100
3,2105,100
3,2106,100
3,2107,100
3,2108,0
3,2109,0
3,2110,0
3,2111,0
3,2112,0
3,2113,0
3,2114,0
3,2115,0
3,2116,0
3,2117,0
3,2118,0
3,2119,0
3,2120,0
3,2121,100
3,2122,100
3,2123,100
3,2124,0
3,2125,0
3,2126,0
3,2127,0
3,2128,0
3,2129,0
3,2130,0
3,2131,0
3,2132,0
3,2133,0
3,2134,0
3,2135,0
3,2136,0
3,2137,0
3,2138,0
3,2139,0
3,2140,100
3,2141,100
3,2142,100
3,2143,100
3,2144,100
3,2145,100
3,2146,100
3,2147,0
3,2148,0
3,2149,0
3,2150,0
3,2151,0
3,2152,0
3,2153,0
3,2154,0
3,2155,0
3,2156,0
3,2157,100
3,2158,100
3,2159,100
3,2160,100
3,2161,100
3,2162,100
3,2163,0
3,2164,0
3,2165,0
3,2166,0
3,2167,0
3,2168,0
3,2169,0
3,2170,0
3,2171,0
3,2172,0
3,2173,0
3,2174,100
3,2175,100
3,2176,100
3,2177,100
3,2178,100
3,2179,100
3,2180,100
3,2181,0
3,2182,0
3,2183,0
3,2184,0
3,2185,0
3,2186,0
3,2187,0
3,2188,0
3,2189,0
3,2190,0
3,2191,0
3,2192,0
3,2193,100
3,2194,100
3,2195,100
3,2196,100
3,2197,100
3,2198,100
3,2199,0
3,2200,0
3,2201,0
3,2202,0
3,2203,0
3,2204,0
3,2205,0
3,2206,0
3,2207,0
3,2208,0
3,2209,0
3,2210,0
3,2211,0
3,2212,100
3,2213,100
3,2214,100
3,2215,100
3,2216,0
3,2217,0
3,2218,0
3,2219,0
3,2220,0
3,2221,0
3,2222,0
3,2223,0
3,2224,0
3,2225,0
3,2226,0
3,2227,0
3,2228,0
3,2229,100
3,2230,100
3,2231,100
3,2232,100
3,2233,0
3,2234,0
3,2235,0
3,2236,0
3,2237,0
3,2238,0
3,2239,0
3,2240,0
3,2241,0
3,2242,0
3,2243,0
3,2244,0
3,2245,0
3,2246,0
3,2247,100
3,2248,100
3,2249,100
3,2250,100
3,2251,0
3,2252,0
3,2253,0
3,2254,0
3,2255,0
3,2256,0
3,2257,0
3,2258,0
3,2259,0
3,2260,0
3,2261,0
3,2262,0
3,2263,0
3,2264,0
3,2265,0
3,2266,0
3,2267,100
3,2268,100
3,2269,100
3,2270,100
3,2271,100
3,2272,100
3,2273,100
3,2274,0
3,2275,0
3,2276,0
3,2277,0
3,2278,0
3,2279,0
3,2280,0
3,2281,0
3,2282,0
3,2283,0
3,2284,100
3,2285,100
3,2286,100
3,2287,0
3,2288,100
3,2289,100
3,2290,100
3,2291,100
3,2292,100
3,2293,0
3,2294,0
3,2295,0
3,2296,0
3,2297,0
3,2298,0
3,2299,0
3,2300,0
3,2301,0
3,2302,100
3,2303,100
3,2304,100
3,2305,100
3,2306,100
3,2307,100
3,2308,100
3,2309,0
3,2310,0
3,2311,0
3,2312,0
3,2313,0
3,2314,0
3,2315,0
3,2316,0
3,2317,0
3,2318,0
3,2319,0
3,2320,0
3,2321,0
3,2322,0
3,2323,0
3,2324,100
3,2325,100
3,2326,100
3,2327,100
3,2328,100
3,2329,0
3,2330,0
3,2331,0
3,2332,0
3,2333,0
3,2334,0
3,2335,0
3,2336,0
3,2337,0
3,2338,0
3,2339,0
3,2340,0
3,2341,0
3,2342,0
3,2343,0
3,2344,100
3,2345,100
3,2346,100
3,2347,100
3,2348,0
3,2349,0
3,2350,0
3,2351,0
3,2352,0
3,2353,0
3,2354,0
3,2355,0
3,2356,0
3,2357,0
3,2358,0
3,2359,0
3,2360,0
3,2361,0
3,2362,100
3,2363,100
3,2364,100
3,2365,100
3,2366,0
3,2367,0
3,2368,0
3,2369,0
3,2370,0
3,2371,0
3,2372,0
3,2373,0
3,2374,0
3,2375,0
3,2376,0
3,2377,0
3,2378,100
3,2379,100
3,2380,100
3,2381,100
3,2382,0
3,2383,0
3,2384,0
3,2385,100
3,2386,100
3,2387,0
3,2388,0
3,2389,0
3,2390,0
3,2391,0
3,2392,0
3,2393,0
3,2394,0
3,2395,0
3,2396,0
3,2397,100
3,2398,100
3,2399,100
3,2400,100
3,2401,100
3,2402,100
3,2403,100
3,2404,0
3,2405,0
3,2406,0
3,2407,0
3,2408,0
3,2409,0
3,2410,0
3,2411,0
3,2412,0
3,2413,0
3,2414,0
3,2415,0
3,2416,0
3,2417,0
3,2418,0
3,2419,100
3,2420,100
3,2421,100
3,2422,100
3,2423,0
3,2424,0
3,2425,0
3,2426,0
3,2427,0
3,2428,0
3,2429,0
3,2430,0
3,2431,0
3,2432,0
3,2433,0
3,2434,0
3,2435,0
3,2436,0
3,2437,0
3,2438,100
3,2439,100
3,2440,100
3,2441,100
3,2442,0
3,2443,0
3,2444,0
3,2445,0
3,2446,0
3,2447,0
3,2448,0
3,2449,0
3,2450,0
3,2451,0
3,2452,0
3,2453,0
3,2454,0
3,2455,100
3,2456,100
3,2457,100
3,2458,100
3,2459,0
3,2460,0
3,2461,0
3,2462,0
3,2463,0
3,2464,0
3,2465,0
3,2466,0
3,2467,0
3,2468,0
3,2469,0
3,2470,0
3,2471,0
3,2472,0
3,2473,0
3,2474,100
3,2475,100
3,2476,100
3,2477,0
3,2478,0
3,2479,0
3,2480,0
3,2481,0
3,2482,0
3,2483,0
3,2484,0
3,2485,0
3,2486,0
3,2487,0
3,2488,0
3,2489,0
3,2490,0
3,2491,100
3,2492,100
3,2493,100
3,2494,100
3,2495,0
3,2496,0
3,2497,0
3,2498,0
3,2499,0
3,2500,0
3,2501,0
3,2502,0
3,2503,0
3,2504,0
3,2505,0
3,2506,0
3,2507,100
3,2508,100
3,2509,100
3,2510,100
3,2511,100
3,2512,100
3,2513,0
3,2514,0
3,2515,100
3,2516,100
3,2517,100
3,2518,100
3,2519,0
3,2520,0
3,2521,0
3,2522,0
3,2523,0
3,2524,0
3,2525,0
3,2526,0
3,2527,0
3,2528,0
3,2529,0
3,2530,0
3,2531,0
3,2532,0
3,2533,0
3,2534,0
3,2535,0
3,2536,0
3,2537,0
3,2538,0
3,2539,0
3,2540,0
3,2541,0
3,2542,0
3,2543,100
3,2544,100
3,2545,100
3,2546,100
3,2547,100
3,2548,100
3,2549,0
3,2550,0
3,2551,0
3,2552,0
3,2553,0
3,2554,0
3,2555,0
3,2556,0
3,2557,0
3,2558,0
3,2559,0
3,2560,0
3,2561,0
3,2562,0
3,2563,100
3,2564,100
3,2565,100
3,2566,100
3,2567,0
3,2568,0
3,2569,0
3,2570,0
3,2571,0
3,2572,0
3,2573,0
3,2574,0
3,2575,0
3,2576,0
3,2577,0
3,2578,0
3,2579,0
3,2580,100
3,2581,100
3,2582,100
3,2583,100
3,2584,0
3,2585,0
3,2586,0
3,2587,0
3,2588,0
3,2589,0
3,2590,0
3,2591,0
3,2592,0
3,2593,0
3,2594,0
3,2595,0
3,2596,0
3,2597,100
3,2598,100
3,2599,100
3,2600,100
3,2601,0
3,2602,0
3,2603,0
3,2604,0
3,2605,0
3,2606,0
3,2607,0
3,2608,0
3,2609,0
3,2610,0
3,2611,0
3,2612,0
3,2613,0
3,2614,100
3,2615,100
3,2616,100
3,2617,100
3,2618,0
3,2619,0
3,2620,0
3,2621,0
3,2622,0
3,2623,0
3,2624,0
3,2625,0
3,2626,0
3,2627,0
3,2628,0
3,2629,0
3,2630,0
3,2631,100
3,2632,100
3,2633,100
3,2634,0
3,2635,0
3,2636,0
3,2637,0
3,2638,0
3,2639,0
3,2640,0
3,2641,0
3,2642,0
3,2643,0
3,2644,0
3,2645,0
3,2646,0
3,2647,0
3,2648,0
3,2649,0
3,2650,0
3,2651,100
3,2652,100
3,2653,100
3,2654,100
3,2655,0
3,2656,0
3,2657,0
3,2658,0
3,2659,0
3,2660,0
3,2661,0
3,2662,0
3,2663,0
3,2664,0
3,2665,0
3,2666,0
3,2667,0
3,2668,100
3,2669,100
3,2670,100
3,2671,100
3,2672,100
3,2673,0
3,2674,100
3,2675,0
3,2676,0
3,2677,0
3,2678,0
3,2679,0
3,2680,0
3,2681,0
3,2682,0
3,2683,0
3,2684,100
3,2685,100
3,2686,100
3,2687,100
3,2688,100
3,2689,100
3,2690,100
3,2691,0
3,2692,0
3,2693,0
3,2694,0
3,2695,0
3,2696,0
3,2697,0
3,2698,0
3,2699,0
3,2700,100
3,2701,100
3,2702,100
3,2703,100
3,2704,100
3,2705,100
3,2706,100
3,2707,0
3,2708,0
3,2709,0
3,2710,0
3,2711,0
3,2712,0
3,2713,0
3,2714,0
3,2715,0
3,2716,0
3,2717,100
3,2718,100
3,2719,100
3,2720,100
3,2721,100
3,2722,100
3,2723,100
3,2724,0
3,2725,0
3,2726,0
3,2727,0
3,2728,0
3,2729,0
3,2730,0
3,2731,0
3,2732,0
3,2733,0
3,2734,100
3,2735,100
3,2736,100
3,2737,100
3,2738,100
3,2739,100
3,2740,100
3,2741,0
3,2742,0
3,2743,0
3,2744,0
3,2745,0
3,2746,0
3,2747,0
3,2748,0
3,2749,0
3,2750,100
3,2751,100
3,2752,100
3,2753,100
3,2754,100
3,2755,100
3,2756,100
3,2757,0
3,2758,0
3,2759,0
3,2760,0
3,2761,0
3,2762,0
3,2763,0
3,2764,0
3,2765,0
3,2766,100
3,2767,100
3,2768,100
3,2769,0
3,2770,0
3,2771,0
3,2772,0
3,2773,0
3,2774,100
3,2775,100
3,2776,100
3,2777,0
3,2778,0
3,2779,0
3,2780,0
3,2781,0
3,2782,0
3,2783,0
3,2784,0
3,2785,0
3,2786,0
3,2787,0
3,2788,0
3,2789,0
3,2790,100
3,2791,100
3,2792,100
3,2793,0
3,2794,0
3,2795,0
3,2796,0
3,2797,0
3,2798,0
3,2799,0
3,2800,0
3,2801,0
3,2802,0
3,2803,0
3,2804,0
3,2805,100
3,2806,100
3,2807,100
3,2808,0
3,2809,0
3,2810,0
3,2811,0
3,2812,0
3,2813,0
3,2814,0
3,2815,0
3,2816,0
3,2817,0
3,2818,0
3,2819,0
3,2820,0
3,2821,100
3,2822,100
3,2823,100
3,2824,0
3,2825,0
3,2826,0
3,2827,0
3,2828,0
3,2829,0
3,2830,0
3,2831,0
3,2832,0
3,2833,0
3,2834,0
3,2835,0
3,2836,0
3,2837,100
3,2838,100
3,2839,100
3,2840,100
3,2841,0
3,2842,0
3,2843,0
3,2844,0
3,2845,0
3,2846,0
3,2847,0
3,2848,0
3,2849,0
3,2850,0
3,2851,0
3,2852,0
3,2853,100
3,2854,100
3,2855,100
3,2856,0
3,2857,0
3,2858,0
3,2859,0
3,2860,0
3,2861,0
3,2862,0
3,2863,0
3,2864,0
3,2865,0
3,2866,0
3,2867,0
3,2868,0
3,2869,100
3,2870,100
3,2871,100
3,2872,0
3,2873,0
3,2874,0
3,2875,0
3,2876,0
3,2877,0
3,2878,0
3,2879,0
3,2880,0
3,2881,0
3,2882,0
3,2883,0
3,2884,0
3,2885,100
3,2886,100
3,2887,100
3,2888,100
3,2889,0
3,2890,0
3,2891,0
3,2892,0
3,2893,0
3,2894,0
3,2895,0
3,2896,0
3,2897,0
3,2898,0
3,2899,0
3,2900,0
3,2901,0
3,2902,0
3,2903,0
3,2904,100
3,2905,100
3,2906,100
3,2907,100
3,2908,0
3,2909,0
3,2910,0
3,2911,0
3,2912,0
3,2913,0
3,2914,0
3,2915,0
3,2916,0
3,2917,0
3,2918,0
3,2919,0
3,2920,0
3,2921,100
3,2922,100
3,2923,100
3,2924,0
3,2925,0
3,2926,0
3,2927,0
3,2928,0
3,2929,0
3,2930,0
3,2931,0
3,2932,0
3,2933,0
3,2934,0
3,2935,0
3,2936,0
3,2937,100
3,2938,100
3,2939,100
3,2940,100
3,2941,0
3,2942,0
3,2943,0
3,2944,0
3,2945,0
3,2946,0
3,2947,0
3,2948,0
3,2949,0
3,2950,0
3,2951,0
3,2952,0
3,2953,0
3,2954,100
3,2955,100
3,2956,100
3,2957,100
3,2958,0
3,2959,0
3,2960,0
3,2961,0
3,2962,0
3,2963,0
3,2964,0
3,2965,0
3,2966,0
3,2967,0
3,2968,0
3,2969,0
3,2970,0
3,2971,0
3,2972,100
3,2973,100
3,2974,100
3,2975,100
3,2976,100
3,2977,100
3,2978,100
3,2979,0
3,2980,0
3,2981,0
3,2982,0
3,2983,0
3,2984,0
3,2985,0
3,2986,0
3,2987,0
3,2988,0
3,2989,100
3,2990,100
3,2991,100
3,2992,100
3,2993,100
3,2994,100
3,2995,0
3,2996,0
3,2997,0
3,2998,0
3,2999,0
3,3000,0
3,3001,0
3,3002,0
3,3003,0
3,3004,0
3,3005,100
3,3006,100
3,3007,100
3,3008,100
3,3009,100
3,3010,100
3,3011,100
3,3012,0
3,3013,0
3,3014,0
3,3015,0
3,3016,0
3,3017,0
3,3018,0
3,3019,0
3,3020,0
3,3021,0
3,3022,100
3,3023,100
3,3024,100
3,3025,0
3,3026,0
3,3027,0
3,3028,100
3,3029,100
3,3030,100
3,3031,0
3,3032,0
3,3033,0
3,3034,0
3,3035,0
3,3036,0
3,3037,0
3,3038,0
3,3039,0
3,3040,0
3,3041,0
3,3042,0
3,3043,0
3,3044,100
3,3045,100
3,3046,100
3,3047,0
3,3048,0
3,3049,0
3,3050,0
3,3051,0
3,3052,0
3,3053,0
3,3054,0
3,3055,0
3,3056,0
3,3057,0
3,3058,0
3,3059,0
3,3060,100
3,3061,100
3,3062,100
3,3063,0
3,3064,0
3,3065,0
3,3066,0
3,3067,0
3,3068,0
3,3069,0
3,3070,0
3,3071,0
3,3072,0
3,3073,0
3,3074,0
3,3075,0
3,3076,0
3,3077,0
3,3078,0
3,3079,0
3,3080,0
3,3081,0
3,3082,0
3,3083,100
3,3084,100
3,3085,100
3,3086,0
3,3087,0
3,3088,0
3,3089,0
3,3090,0
3,3091,0
3,3092,0
3,3093,0
3,3094,0
3,3095,0
3,3096,0
3,3097,0
3,3098,0
3,3099,0
3,3100,100
3,3101,100
3,3102,100
3,3103,0
3,3104,0
3,3105,0
3,3106,0
3,3107,0
3,3108,0
3,3109,0
3,3110,0
3,3111,0
3,3112,0
3,3113,0
3,3114,0
3,3115,100
3,3116,100
3,3117,100
3,3118,0
3,3119,0
3,3120,0
3,3121,0
3,3122,0
3,3123,0
3,3124,0
3,3125,0
3,3126,0
3,3127,0
3,3128,0
3,3129,100
3,3130,100
3,3131,100
3,3132,100
3,3133,0
3,3134,0
3,3135,0
3,3136,0
3,3137,0
3,3138,0
3,3139,0
3,3140,0
3,3141,0
3,3142,0
3,3143,0
3,3144,0
3,3145,100
3,3146,100
3,3147,100
3,3148,100
3,3149,0
3,3150,0
3,3151,0
3,3152,0
3,3153,0
3,3154,0
3,3155,0
3,3156,0
3,3157,0
3,3158,0
3,3159,0
3,3160,0
3,3161,0
3,3162,0
3,3163,0
3,3164,0
3,3165,100
3,3166,100
3,3167,100
3,3168,100
3,3169,100
3,3170,100
3,3171,100
3,3172,100
3,3173,0
3,3174,0
3,3175,0
3,3176,0
3,3177,0
3,3178,0
3,3179,0
3,3180,0
3,3181,0
3,3182,0
3,3183,0
3,3184,0
3,3185,0
3,3186,0
3,3187,100
3,3188,100
3,3189,100
3,3190,100
3,3191,0
3,3192,0
3,3193,0
3,3194,0
3,3195,0
3,3196,0
3,3197,0
3,3198,0
3,3199,0
3,3200,0
3,3201,0
3,3202,0
3,3203,0
3,3204,0
3,3205,100
3,3206,100
3,3207,100
3,3208,100
3,3209,0
3,3210,0
3,3211,0
3,3212,0
3,3213,0
3,3214,0
3,3215,0
3,3216,0
3,3217,0
3,3218,0
3,3219,0
3,3220,0
3,3221,0
3,3222,0
3,3223,0
3,3224,0
3,3225,0
3,3226,100
3,3227,100
3,3228,100
3,3229,100
3,3230,0
3,3231,0
3,3232,0
3,3233,0
3,3234,0
3,3235,0
3,3236,0
3,3237,0
3,3238,0
3,3239,0
3,3240,0
3,3241,0
3,3242,0
3,3243,0
3,3244,0
3,3245,100
3,3246,100
3,3247,100
3,3248,100
3,3249,100
3,3250,100
3,3251,100
3,3252,0
3,3253,0
3,3254,0
3,3255,0
3,3256,0
3,3257,0
3,3258,0
3,3259,0
3,3260,0
3,3261,0
3,3262,0
3,3263,0
3,3264,0
3,3265,0
3,3266,0
3,3267,100
3,3268,100
3,3269,100
3,3270,100
3,3271,100
3,3272,0
3,3273,0
3,3274,0
3,3275,0
3,3276,0
3,3277,0
3,3278,0
3,3279,0
3,3280,0
3,3281,0
3,3282,0
3,3283,0
3,3284,0
3,3285,0
3,3286,0
3,3287,0
3,3288,0
3,3289,100
3,3290,100
3,3291,100
3,3292,0
3,3293,0
3,3294,0
3,3295,0
3,3296,0
3,3297,0
3,3298,0
3,3299,0
3,3300,0
3,3301,0
3,3302,0
3,3303,0
3,3304,0
3,3305,100
3,3306,100
3,3307,100
3,3308,100
3,3309,0
3,3310,0
3,3311,0
3,3312,0
3,3313,0
3,3314,0
3,3315,0
3,3316,0
3,3317,0
3,3318,0
3,3319,0
3,3320,0
3,3321,0
3,3322,100
3,3323,100
3,3324,100
3,3325,100
3,3326,0
3,3327,0
3,3328,0
3,3329,0
3,3330,0
3,3331,0
3,3332,0
3,3333,0
3,3334,0
3,3335,0
3,3336,0
3,3337,0
3,3338,0
3,3339,100
3,3340,100
3,3341,100
3,3342,100
3,3343,0
3,3344,0
3,3345,0
3,3346,0
3,3347,0
3,3348,0
3,3349,0
3,3350,0
3,3351,0
3,3352,0
3,3353,0
3,3354,0
3,3355,0
3,3356,100
3,3357,100
3,3358,100
3,3359,100
3,3360,100
3,3361,100
3,3362,100
3,3363,0
3,3364,0
3,3365,0
3,3366,0
3,3367,0
3,3368,0
3,3369,0
3,3370,0
3,3371,0
3,3372,100
3,3373,100
3,3374,100
3,3375,100
3,3376,100
3,3377,100
3,3378,100
3,3379,0
3,3380,0
3,3381,0
3,3382,0
3,3383,0
3,3384,0
3,3385,0
3,3386,0
3,3387,0
3,3388,0
3,3389,100
3,3390,100
3,3391,100
3,3392,100
3,3393,100
3,3394,100
3,3395,0
3,3396,0
3,3397,0
3,3398,0
3,3399,0
3,3400,0
3,3401,0
3,3402,0
3,3403,0
3,3404,0
3,3405,100
3,3406,100
3,3407,100
3,3408,100
3,3409,0
3,3410,0
3,3411,0
3,3412,100
3,3413,100
3,3414,100
3,3415,100
3,3416,0
3,3417,0
3,3418,0
3,3419,0
3,3420,0
3,3421,0
3,3422,0
3,3423,0
3,3424,0
3,3425,0
3,3426,0
3,3427,0
3,3428,0
3,3429,100
3,3430,100
3,3431,100
3,3432,100
3,3433,0
3,3434,0
3,3435,0
3,3436,0
3,3437,0
3,3438,0
3,3439,0
3,3440,0
3,3441,0
3,3442,0
3,3443,0
3,3444,0
3,3445,0
3,3446,100
3,3447,100
3,3448,100
3,3449,0
3,3450,0
3,3451,0
3,3452,0
3,3453,0
3,3454,0
3,3455,0
3,3456,0
3,3457,0
3,3458,0
3,3459,0
3,3460,0
3,3461,0
3,3462,100
3,3463,100
3,3464,100
3,3465,0
3,3466,0
3,3467,0
3,3468,0
3,3469,0
3,3470,0
3,3471,0
3,3472,0
3,3473,0
3,3474,0
3,3475,0
3,3476,0
3,3477,0
3,3478,100
3,3479,100
3,3480,100
3,3481,100
3,3482,0
3,3483,0
3,3484,0
3,3485,0
3,3486,0
3,3487,0
3,3488,0
3,3489,0
3,3490,0
3,3491,0
3,3492,0
3,3493,0
3,3494,100
3,3495,100
3,3496,100
3,3497,100
3,3498,0
3,3499,0
3,3500,0
3,3501,0
3,3502,0
3,3503,0
3,3504,0
3,3505,0
3,3506,0
3,3507,0
3,3508,0
3,3509,0
3,3510,0
3,3511,100
3,3512,100
3,3513,100
3,3514,0
3,3515,0
3,3516,0
3,3517,0
3,3518,0
3,3519,0
3,3520,0
3,3521,0
3,3522,0
3,3523,0
3,3524,0
3,3525,0
3,3526,0
3,3527,100
3,3528,100
3,3529,100
3,3530,100
3,3531,0
3,3532,0
3,3533,0
3,3534,0
3,3535,0
3,3536,0
3,3537,0
3,3538,0
3,3539,0
3,3540,0
3,3541,0
3,3542,0
3,3543,0
3,3544,0
3,3545,0
3,3546,0
3,3547,100
3,3548,100
3,3549,100
3,3550,100
3,3551,0
3,3552,0
3,3553,0
3,3554,0
3,3555,0
3,3556,0
3,3557,0
3,3558,0
3,3559,0
3,3560,0
3,3561,100
3,3562,100
3,3563,100
3,3564,100
3,3565,0
3,3566,0
3,3567,0
3,3568,0
3,3569,0
3,3570,0
3,3571,0
3,3572,0
3,3573,0
3,3574,0
3,3575,0
3,3576,100
3,3577,100
3,3578,100
3,3579,100
3,3580,0
3,3581,0
3,3582,0
3,3583,0
3,3584,0
3,3585,0
3,3586,0
3,3587,0
3,3588,0
3,3589,0
3,3590,0
3,3591,0
3,3592,0
3,3593,0
3,3594,0
3,3595,100
3,3596,100
3,3597,100
3,3598,100
3,3599,0
3,3600,0
3,3601,0
3,3602,0
3,3603,0
3,3604,0
3,3605,0
3,3606,0
3,3607,0
3,3608,0
3,3609,0
3,3610,0
3,3611,0
3,3612,100
3,3613,100
3,3614,100
3,3615,100
3,3616,100
3,3617,100
3,3618,100
3,3619,0
3,3620,0
3,3621,0
3,3622,0
3,3623,0
3,3624,0
3,3625,0
3,3626,0
3,3627,0
3,3628,0
3,3629,100
3,3630,100
3,3631,100
3,3632,100
3,3633,100
3,3634,100
3,3635,0
3,3636,0
3,3637,0
3,3638,0
3,3639,0
3,3640,0
3,3641,0
3,3642,0
3,3643,0
3,3644,0
3,3645,100
3,3646,100
3,3647,100
3,3648,100
3,3649,100
3,3650,100
3,3651,100
3,3652,0
3,3653,0
3,3654,0
3,3655,0
3,3656,0
3,3657,0
3,3658,0
3,3659,0
3,3660,0
3,3661,100
3,3662,100
3,3663,100
3,3664,100
3,3665,0
3,3666,0
3,3667,100
3,3668,100
3,3669,100
3,3670,100
3,3671,0
3,3672,0
3,3673,0
3,3674,0
3,3675,0
3,3676,0
3,3677,0
3,3678,0
3,3679,0
3,3680,0
3,3681,0
3,3682,0
3,3683,0
3,3684,100
3,3685,100
3,3686,100
3,3687,0
3,3688,0
3,3689,0
3,3690,0
3,3691,0
3,3692,0
3,3693,0
3,3694,0
3,3695,0
3,3696,0
3,3697,0
3,3698,0
3,3699,100
3,3700,100
3,3701,100
3,3702,0
3,3703,0
3,3704,0
3,3705,0
3,3706,0
3,3707,0
3,3708,0
3,3709,0
3,3710,0
3,3711,0
3,3712,0
3,3713,0
3,3714,0
3,3715,100
3,3716,100
3,3717,100
3,3718,0
3,3719,0
3,3720,0
3,3721,0
3,3722,0
3,3723,0
3,3724,0
3,3725,0
3,3726,0
3,3727,0
3,3728,0
3,3729,0
3,3730,0
3,3731,100
3,3732,100
3,3733,100
3,3734,100
3,3735,0
3,3736,0
3,3737,0
3,3738,0
3,3739,0
3,3740,0
3,3741,0
3,3742,0
3,3743,0
3,3744,0
3,3745,0
3,3746,0
3,3747,100
3,3748,100
3,3749,100
3,3750,0
3,3751,0
3,3752,0
3,3753,0
3,3754,0
3,3755,0
3,3756,0
3,3757,0
3,3758,0
3,3759,0
3,3760,0
3,3761,0
3,3762,0
3,3763,100
3,3764,100
3,3765,100
3,3766,0
3,3767,0
3,3768,0
3,3769,0
3,3770,0
3,3771,0
3,3772,0
3,3773,0
3,3774,0
3,3775,0
3,3776,100
3,3777,0
3,3778,100
3,3779,100
3,3780,100
3,3781,100
3,3782,0
3,3783,0
3,3784,0
3,3785,0
3,3786,0
3,3787,0
3,3788,0
3,3789,0
3,3790,0
3,3791,100
3,3792,100
3,3793,0
3,3794,0
3,3795,0
3,3796,0
3,3797,0
3,3798,100
3,3799,100
3,3800,100
3,3801,100
3,3802,0
3,3803,0
3,3804,0
3,3805,0
3,3806,0
3,3807,0
3,3808,0
3,3809,0
3,3810,0
3,3811,0
3,3812,0
3,3813,0
3,3814,0
3,3815,0
3,3816,0
3,3817,0
3,3818,0
3,3819,0
3,3820,0
3,3821,100
3,3822,100
3,3823,0
3,3824,0
3,3825,0
3,3826,0
3,3827,100
3,3828,100
3,3829,100
3,3830,100
3,3831,100
3,3832,0
3,3833,0
3,3834,0
3,3835,0
3,3836,0
3,3837,0
3,3838,0
3,3839,0
3,3840,0
3,3841,0
3,3842,0
3,3843,0
3,3844,0
3,3845,0
3,3846,0
3,3847,0
3,3848,0
3,3849,0
3,3850,0
3,3851,0
3,3852,0
3,3853,100
3,3854,100
3,3855,100
3,3856,100
3,3857,100
3,3858,100
3,3859,100
3,3860,100
3,3861,100
3,3862,100
3,3863,0
3,3864,0
3,3865,0
3,3866,0
3,3867,0
3,3868,0
3,3869,0
3,3870,0
3,3871,0
3,3872,0
3,3873,0
3,3874,0
3,3875,0
3,3876,0
3,3877,0
3,3878,0
3,3879,0
3,3880,0
3,3881,0
3,3882,0
3,3883,100
3,3884,100
3,3885,100
3,3886,100
3,3887,100
3,3888,100
3,3889,100
3,3890,100
3,3891,100
3,3892,100
3,3893,100
3,3894,0
3,3895,0
3,3896,0
3,3897,0
3,3898,0
3,3899,0
3,3900,0
3,3901,0
3,3902,0
3,3903,0
3,3904,0
3,3905,0
3,3906,0
3,3907,0
3,3908,0
3,3909,0
3,3910,0
3,3911,0
3,3912,0
3,3913,0
3,3914,100
3,3915,100
3,3916,100
3,3917,100
3,3918,100
3,3919,100
3,3920,100
3,3921,0
3,3922,100
3,3923,100
3,3924,100
3,3925,100
3,3926,0
3,3927,0
3,3928,0
3,3929,0
3,3930,0
3,3931,0
3,3932,0
3,3933,0
3,3934,0
3,3935,0
3,3936,100
3,3937,100
3,3938,100
3,3939,100
3,3940,100
3,3941,0
3,3942,0
3,3943,0
3,3944,0
3,3945,0
3,3946,0
3,3947,0
3,3948,0
3,3949,0
3,3950,0
3,3951,0
3,3952,100
3,3953,100
3,3954,100
3,3955,100
3,3956,100
3,3957,0
3,3958,0
3,3959,0
3,3960,0
3,3961,0
3,3962,0
3,3963,0
3,3964,0
3,3965,0
3,3966,0
3,3967,0
3,3968,0
3,3969,100
3,3970,100
3,3971,100
3,3972,100
3,3973,0
3,3974,0
3,3975,0
3,3976,0
3,3977,0
3,3978,0
3,3979,0
3,3980,0
3,3981,0
3,3982,0
3,3983,0
3,3984,0
3,3985,100
3,3986,100
3,3987,100
3,3988,100
3,3989,100
3,3990,0
3,3991,0
3,3992,0
3,3993,0
3,3994,0
3,3995,0
3,3996,0
3,3997,0
3,3998,0
3,3999,0
3,4000,0
3,4001,0
3,4002,0
3,4003,100
3,4004,100
3,4005,100
3,4006,100
3,4007,0
3,4008,0
3,4009,0
3,4010,0
3,4011,0
3,4012,0
3,4013,0
3,4014,0
3,4015,0
3,4016,0
3,4017,0
3,4018,0
3,4019,100
3,4020,100
3,4021,100
3,4022,0
3,4023,0
3,4024,0
3,4025,0
3,4026,0
3,4027,0
3,4028,0
3,4029,0
3,4030,0
3,4031,0
3,4032,0
3,4033,0
3,4034,0
3,4035,0
3,4036,100
3,4037,100
3,4038,100
3,4039,100
3,4040,0
3,4041,0
3,4042,0
3,4043,0
3,4044,0
3,4045,0
3,4046,0
3,4047,0
3,4048,0
3,4049,0
3,4050,0
3,4051,0
3,4052,0
3,4053,0
3,4054,0
3,4055,0
3,4056,100
3,4057,100
3,4058,100
3,4059,0
3,4060,0
3,4061,0
3,4062,0
3,4063,0
3,4064,0
3,4065,0
3,4066,0
3,4067,0
3,4068,0
3,4069,0
3,4070,0
3,4071,100
3,4072,100
3,4073,100
3,4074,100
3,4075,0
3,4076,0
3,4077,0
3,4078,0
3,4079,0
3,4080,0
3,4081,0
3,4082,0
3,4083,0
3,4084,0
3,4085,0
3,4086,0
3,4087,100
3,4088,100
3,4089,100
3,4090,0
3,4091,0
3,4092,0
3,4093,0
3,4094,0
3,4095,0
3,4096,0
3,4097,0
3,4098,0
3,4099,0
3,4100,0
3,4101,0
3,4102,0
3,4103,0
3,4104,0
3,4105,0
3,4106,0
3,4107,0
3,4108,0
3,4109,100
3,4110,100
3,4111,100
3,4112,100
3,4113,100
3,4114,100
3,4115,0
3,4116,0
3,4117,0
3,4118,0
3,4119,0
3,4120,0
3,4121,0
3,4122,0
3,4123,0
3,4124,0
3,4125,100
3,4126,100
3,4127,100
3,4128,100
3,4129,100
3,4130,100
3,4131,100
3,4132,0
3,4133,0
3,4134,0
3,4135,0
3,4136,0
3,4137,0
3,4138,0
3,4139,0
3,4140,0
3,4141,100
3,4142,100
3,4143,100
3,4144,100
3,4145,100
3,4146,100
3,4147,0
3,4148,0
3,4149,0
3,4150,0
3,4151,0
3,4152,0
3,4153,0
3,4154,0
3,4155,0
3,4156,0
3,4157,100
3,4158,100
3,4159,100
3,4160,100
3,4161,100
3,4162,100
3,4163,0
3,4164,0
3,4165,0
3,4166,0
3,4167,0
3,4168,0
3,4169,0
3,4170,0
3,4171,0
3,4172,0
3,4173,100
3,4174,100
3,4175,100
3,4176,100
3,4177,100
3,4178,100
3,4179,100
3,4180,100
3,4181,0
3,4182,0
3,4183,0
3,4184,0
3,4185,0
3,4186,0
3,4187,0
3,4188,0
3,4189,0
3,4190,100
3,4191,100
3,4192,100
3,4193,100
3,4194,100
3,4195,100
3,4196,100
3,4197,0
3,4198,0
3,4199,0
3,4200,0
3,4201,0
3,4202,0
3,4203,0
3,4204,0
3,4205,0
3,4206,100
3,4207,100
3,4208,100
3,4209,100
3,4210,100
3,4211,100
3,4212,0
3,4213,0
3,4214,0
3,4215,0
3,4216,0
3,4217,0
3,4218,0
3,4219,0
3,4220,0
3,4221,0
3,4222,100
3,4223,100
3,4224,100
3,4225,100
3,4226,100
3,4227,100
3,4228,100
3,4229,0
3,4230,0
3,4231,0
3,4232,0
3,4233,0
3,4234,0
3,4235,0
3,4236,0
3,4237,0
3,4238,100
3,4239,100
3,4240,100
3,4241,100
3,4242,100
3,4243,100
3,4244,100
3,4245,0
3,4246,0
3,4247,0
3,4248,0
3,4249,0
3,4250,0
3,4251,0
3,4252,0
3,4253,0
3,4254,100
3,4255,100
3,4256,100
3,4257,100
3,4258,100
3,4259,100
3,4260,0
3,4261,0
3,4262,0
3,4263,0
3,4264,0
3,4265,0
3,4266,0
3,4267,0
3,4268,0
3,4269,0
3,4270,100
3,4271,100
3,4272,100
3,4273,100
3,4274,100
3,4275,100
3,4276,0
3,4277,0
3,4278,0
3,4279,0
3,4280,0
3,4281,0
3,4282,0
3,4283,0
3,4284,0
3,4285,100
3,4286,100
3,4287,100
3,4288,100
3,4289,100
3,4290,100
3,4291,0
3,4292,0
3,4293,0
3,4294,0
3,4295,0
3,4296,0
3,4297,0
3,4298,0
3,4299,0
3,4300,0
3,4301,100
3,4302,100
3,4303,100
3,4304,100
3,4305,0
3,4306,0
3,4307,100
3,4308,100
3,4309,100
3,4310,0
3,4311,0
3,4312,0
3,4313,0
3,4314,0
3,4315,0
3,4316,0
3,4317,0
3,4318,0
3,4319,0
3,4320,0
3,4321,0
3,4322,0
3,4323,100
3,4324,100
3,4325,100
3,4326,0
3,4327,0
3,4328,0
3,4329,0
3,4330,0
3,4331,0
3,4332,0
3,4333,0
3,4334,0
3,4335,0
3,4336,0
3,4337,100
3,4338,100
3,4339,100
3,4340,100
3,4341,100
3,4342,0
3,4343,0
3,4344,0
3,4345,0
3,4346,0
3,4347,0
3,4348,0
3,4349,0
3,4350,0
3,4351,0
3,4352,0
3,4353,0
3,4354,0
3,4355,100
3,4356,100
3,4357,100
3,4358,0
3,4359,0
3,4360,0
3,4361,0
3,4362,0
3,4363,0
3,4364,0
3,4365,0
3,4366,0
3,4367,0
3,4368,0
3,4369,0
3,4370,0
3,4371,100
3,4372,100
3,4373,100
3,4374,100
3,4375,0
3,4376,0
3,4377,0
3,4378,0
3,4379,0
3,4380,0
3,4381,0
3,4382,0
3,4383,0
3,4384,0
3,4385,0
3,4386,0
3,4387,0
3,4388,100
3,4389,100
3,4390,100
3,4391,0
3,4392,0
3,4393,0
3,4394,0
3,4395,0
3,4396,0
3,4397,0
3,4398,0
3,4399,0
3,4400,0
3,4401,0
3,4402,0
3,4403,100
3,4404,100
3,4405,100
3,4406,100
3,4407,0
3,4408,0
3,4409,0
3,4410,0
3,4411,0
3,4412,0
3,4413,0
3,4414,0
3,4415,0
3,4416,0
3,4417,0
3,4418,0
3,4419,100
3,4420,100
3,4421,100
3,4422,100
3,4423,0
3,4424,0
3,4425,0
3,4426,0
3,4427,0
3,4428,0
3,4429,0
3,4430,0
3,4431,0
3,4432,0
3,4433,0
3,4434,0
3,4435,0
3,4436,0
3,4437,0
3,4438,100
3,4439,100
3,4440,100
3,4441,0
3,4442,0
3,4443,0
3,4444,0
3,4445,0
3,4446,0
3,4447,0
3,4448,0
3,4449,0
3,4450,0
3,4451,0
3,4452,0
3,4453,100
3,4454,100
3,4455,100
3,4456,0
3,4457,0
3,4458,0
3,4459,0
3,4460,0
3,4461,0
3,4462,0
3,4463,0
3,4464,0
3,4465,0
3,4466,0
3,4467,0
3,4468,100
3,4469,100
3,4470,100
3,4471,0
3,4472,0
3,4473,0
3,4474,0
3,4475,0
3,4476,0
3,4477,0
3,4478,0
3,4479,0
3,4480,0
3,4481,0
3,4482,0
3,4483,100
3,4484,100
3,4485,100
3,4486,100
3,4487,0
3,4488,0
3,4489,0
3,4490,0
3,4491,0
3,4492,0
3,4493,0
3,4494,0
3,4495,0
3,4496,0
3,4497,0
3,4498,100
3,4499,100
3,4500,100
3,4501,100
3,4502,0
3,4503,0
3,4504,0
3,4505,0
3,4506,0
3,4507,0
3,4508,0
3,4509,0
3,4510,0
3,4511,0
3,4512,0
3,4513,100
3,4514,100
3,4515,100
3,4516,100
3,4517,0
3,4518,0
3,4519,0
3,4520,0
3,4521,0
3,4522,0
3,4523,0
3,4524,0
3,4525,0
3,4526,0
3,4527,0
3,4528,100
3,4529,100
3,4530,100
3,4531,100
3,4532,100
3,4533,0
3,4534,0
3,4535,0
3,4536,0
3,4537,0
3,4538,0
3,4539,0
3,4540,0
3,4541,0
3,4542,0
3,4543,100
3,4544,100
3,4545,100
3,4546,100
3,4547,100
3,4548,100
3,4549,0
3,4550,0
3,4551,0
3,4552,0
3,4553,0
3,4554,0
3,4555,0
3,4556,0
3,4557,0
3,4558,0
3,4559,100
3,4560,100
3,4561,0
3,4562,0
3,4563,0
3,4564,100
3,4565,100
3,4566,100
3,4567,0
3,4568,0
3,4569,0
3,4570,0
3,4571,0
3,4572,0
3,4573,0
3,4574,0
3,4575,0
3,4576,0
3,4577,0
3,4578,100
3,4579,0
3,4580,0
3,4581,0
3,4582,0
3,4583,0
3,4584,0
3,4585,0
3,4586,0
3,4587,0
3,4588,0
3,4589,100
3,4590,100
3,4591,100
3,4592,100
3,4593,100
3,4594,100
3,4595,100
3,4596,100
3,4597,0
3,4598,0
3,4599,0
3,4600,0
3,4601,0
3,4602,0
3,4603,0
3,4604,0
3,4605,0
3,4606,0
3,4607,100
3,4608,100
3,4609,100
3,4610,100
3,4611,100
3,4612,100
3,4613,100
3,4614,0
3,4615,0
3,4616,0
3,4617,0
3,4618,0
3,4619,0
3,4620,0
3,4621,0
3,4622,0
3,4623,0
3,4624,0
3,4625,0
3,4626,0
3,4627,100
3,4628,100
3,4629,100
3,4630,100
3,4631,0
3,4632,0
3,4633,0
3,4634,0
3,4635,0
3,4636,0
3,4637,0
3,4638,0
3,4639,0
3,4640,0
3,4641,0
3,4642,0
3,4643,0
3,4644,0
3,4645,100
3,4646,100
3,4647,100
3,4648,100
3,4649,0
3,4650,0
3,4651,0
3,4652,0
3,4653,0
3,4654,0
3,4655,0
3,4656,0
3,4657,0
3,4658,0
3,4659,0
3,4660,0
3,4661,0
3,4662,100
3,4663,100
3,4664,100
3,4665,100
3,4666,0
3,4667,0
3,4668,0
3,4669,0
3,4670,0
3,4671,0
3,4672,0
3,4673,0
3,4674,0
3,4675,0
3,4676,0
3,4677,0
3,4678,0
3,4679,0
3,4680,0
3,4681,0
3,4682,100
3,4683,100
3,4684,100
3,4685,100
3,4686,0
3,4687,0
3,4688,0
3,4689,100
3,4690,100
3,4691,100
3,4692,0
3,4693,0
3,4694,0
3,4695,0
3,4696,0
3,4697,0
3,4698,0
3,4699,0
3,4700,0
3,4701,0
3,4702,100
3,4703,100
3,4704,100
3,4705,100
3,4706,100
3,4707,100
3,4708,100
3,4709,0
3,4710,0
3,4711,0
3,4712,0
3,4713,0
3,4714,0
3,4715,0
3,4716,0
3,4717,0
3,4718,0
3,4719,0
3,4720,100
3,4721,100
3,4722,100
3,4723,100
3,4724,100
3,4725,100
3,4726,0
3,4727,0
3,4728,0
3,4729,0
3,4730,0
3,4731,0
3,4732,0
3,4733,0
3,4734,0
3,4735,0
3,4736,0
3,4737,0
3,4738,0
3,4739,100
3,4740,100
3,4741,100
3,4742,0
3,4743,0
3,4744,0
3,4745,0
3,4746,0
3,4747,0
3,4748,0
3,4749,0
3,4750,0
3,4751,0
3,4752,0
3,4753,0
3,4754,0
3,4755,100
3,4756,100
3,4757,100
3,4758,100
3,4759,0
3,4760,0
3,4761,0
3,4762,0
3,4763,0
3,4764,0
3,4765,0
3,4766,0
3,4767,0
3,4768,0
3,4769,0
3,4770,0
3,4771,0
3,4772,100
3,4773,100
3,4774,100
3,4775,100
3,4776,0
3,4777,0
3,4778,0
3,4779,0
3,4780,0
3,4781,0
3,4782,0
3,4783,0
3,4784,0
3,4785,0
3,4786,0
3,4787,0
3,4788,0
3,4789,100
3,4790,100
3,4791,100
3,4792,100
3,4793,0
3,4794,0
3,4795,0
3,4796,0
3,4797,0
3,4798,0
3,4799,0
3,4800,0
3,4801,0
3,4802,0
3,4803,0
3,4804,0
3,4805,0
3,4806,100
3,4807,100
3,4808,100
3,4809,0
3,4810,0
3,4811,0
3,4812,0
3,4813,0
3,4814,0
3,4815,0
3,4816,0
3,4817,0
3,4818,0
3,4819,0
3,4820,0
3,4821,0
3,4822,0
3,4823,0
3,4824,0
3,4825,0
3,4826,0
3,4827,0
3,4828,100
3,4829,100
3,4830,100
3,4831,100
3,4832,100
3,4833,100
3,4834,100
3,4835,100
3,4836,100
3,4837,100
3,4838,100
3,4839,100
3,4840,0
3,4841,0
3,4842,0
3,4843,0
3,4844,0
3,4845,0
3,4846,0
3,4847,0
3,4848,0
3,4849,0
3,4850,0
3,4851,0
3,4852,0
3,4853,0
3,4854,0
3,4855,0
3,4856,0
3,4857,0
3,4858,0
3,4859,0
3,4860,100
3,4861,100
3,4862,100
3,4863,100
3,4864,100
3,4865,100
3,4866,100
3,4867,100
3,4868,100
3,4869,100
3,4870,100
3,4871,100
3,4872,0
3,4873,0
3,4874,0
3,4875,0
3,4876,0
3,4877,0
3,4878,0
3,4879,0
3,4880,0
3,4881,0
3,4882,0
3,4883,0
3,4884,0
3,4885,0
3,4886,0
3,4887,0
3,4888,0
3,4889,0
3,4890,0
3,4891,0
3,4892,0
3,4893,0
3,4894,100
3,4895,100
3,4896,100
3,4897,100
3,4898,100
3,4899,100
3,4900,100
3,4901,100
3,4902,100
3,4903,100
3,4904,0
3,4905,0
3,4906,0
3,4907,0
3,4908,0
3,4909,0
3,4910,0
3,4911,0
3,4912,0
3,4913,0
3,4914,0
3,4915,0
3,4916,0
3,4917,0
3,4918,0
3,4919,0
3,4920,0
3,4921,0
3,4922,0
3,4923,0
3,4924,100
3,4925,100
3,4926,100
3,4927,100
3,4928,100
3,4929,0
3,4930,0
3,4931,0
3,4932,100
3,4933,100
3,4934,100
3,4935,100
3,4936,0
3,4937,0
3,4938,0
3,4939,0
3,4940,0
3,4941,0
3,4942,0
3,4943,0
3,4944,0
3,4945,0
3,4946,0
3,4947,0
3,4948,0
3,4949,0
3,4950,0
3,4951,0
3,4952,0
3,4953,0
3,4954,0
3,4955,0
3,4956,0
3,4957,0
3,4958,0
3,4959,0
3,4960,0
3,4961,0
3,4962,0
3,4963,100
3,4964,100
3,4965,100
3,4966,100
3,4967,100
3,4968,100
3,4969,100
3,4970,0
3,4971,0
3,4972,0
3,4973,0
3,4974,0
3,4975,0
3,4976,0
3,4977,0
3,4978,0
3,4979,0
3,4980,0
3,4981,0
3,4982,0
3,4983,0
3,4984,0
3,4985,0
3,4986,0
3,4987,0
3,4988,0
3,4989,0
3,4990,0
3,4991,0
3,4992,0
3,4993,0
3,4994,0
3,4995,0
3,4996,100
3,4997,100
3,4998,100
3,4999,100
3,5000,100
3,5001,100
3,5002,100
3,5003,100
3,5004,0
3,5005,0
3,5006,0
3,5007,0
3,5008,0
3,5009,0
3,5010,0
3,5011,0
3,5012,0
3,5013,0
3,5014,0
3,5015,0
3,5016,0
3,5017,0
3,5018,0
3,5019,0
3,5020,0
3,5021,0
3,5022,0
3,5023,0
3,5024,0
3,5025,0
3,5026,0
3,5027,0
3,5028,0
3,5029,0
3,5030,0
3,5031,0
3,5032,0
3,5033,100
3,5034,100
3,5035,100
3,5036,100
3,5037,100
3,5038,0
3,5039,0
3,5040,100
3,5041,100
3,5042,100
3,5043,0
3,5044,0
3,5045,0
3,5046,0
3,5047,0
3,5048,0
3,5049,0
3,5050,0
3,5051,0
3,5052,0
3,5053,0
3,5054,0
3,5055,0
3,5056,0
3,5057,0
3,5058,0
3,5059,0
3,5060,0
3,5061,0
3,5062,0
3,5063,0
3,5064,0
3,5065,100
3,5066,100
3,5067,100
3,5068,100
3,5069,100
3,5070,100
3,5071,100
3,5072,100
3,5073,100
3,5074,100
3,5075,100
3,5076,100
3,5077,100
3,5078,100
3,5079,100
3,5080,0
3,5081,0
3,5082,0
3,5083,0
3,5084,0
3,5085,0
3,5086,0
3,5087,0
3,5088,0
3,5089,0
3,5090,0
3,5091,0
3,5092,0
3,5093,0
3,5094,0
3,5095,0
3,5096,0
3,5097,0
3,5098,0
3,5099,0
3,5100,100
3,5101,100
3,5102,100
3,5103,100
3,5104,100
3,5105,100
3,5106,100
3,5107,100
3,5108,100
3,5109,100
3,5110,100
3,5111,0
3,5112,0
3,5113,0
3,5114,0
3,5115,0
3,5116,0
3,5117,0
3,5118,0
3,5119,0
3,5120,0
3,5121,0
3,5122,100
3,5123,100
3,5124,0
3,5125,0
3,5126,0
3,5127,0
3,5128,0
3,5129,0
3,5130,0
3,5131,0
3,5132,0
3,5133,0
3,5134,0
3,5135,0
3,5136,0
3,5137,0
3,5138,0
3,5139,0
3,5140,0
3,5141,0
3,5142,0
3,5143,0
3,5144,100
3,5145,100
3,5146,100
3,5147,100
3,5148,100
3,5149,0
3,5150,0
3,5151,0
3,5152,0
3,5153,0
3,5154,0
3,5155,0
3,5156,0
3,5157,0
3,5158,0
3,5159,0
3,5160,0
3,5161,0
3,5162,0
3,5163,0
3,5164,0
3,5165,0
3,5166,0
3,5167,0
3,5168,0
3,5169,0
3,5170,0
3,5171,0
3,5172,0
3,5173,100
3,5174,100
3,5175,100
3,5176,100
3,5177,100
3,5178,100
3,5179,0
3,5180,0
3,5181,0
3,5182,0
3,5183,0
3,5184,0
3,5185,0
3,5186,0
3,5187,0
3,5188,0
3,5189,0
3,5190,0
3,5191,0
3,5192,0
3,5193,0
3,5194,0
3,5195,0
3,5196,0
3,5197,0
3,5198,100
3,5199,100
3,5200,100
3,5201,0
3,5202,0
3,5203,0
3,5204,0
3,5205,0
3,5206,0
3,5207,100
3,5208,100
3,5209,100
3,5210,100
3,5211,100
3,5212,100
3,5213,100
3,5214,0
3,5215,0
3,5216,0
3,5217,0
3,5218,0
3,5219,0
3,5220,0
3,5221,0
3,5222,0
3,5223,0
3,5224,0
3,5225,0
3,5226,0
3,5227,0
3,5228,0
3,5229,0
3,5230,0
3,5231,0
3,5232,0
3,5233,0
3,5234,0
3,5235,0
3,5236,0
3,5237,0
3,5238,0
3,5239,0
3,5240,0
3,5241,0
3,5242,0
3,5243,0
3,5244,100
3,5245,0
3,5246,100
3,5247,0
3,5248,0
3,5249,0
3,5250,0
3,5251,0
3,5252,0
3,5253,0
3,5254,0
3,5255,100
3,5256,100
3,5257,100
3,5258,100
3,5259,100
3,5260,100
3,5261,100
3,5262,100
3,5263,100
3,5264,100
3,5265,100
3,5266,100
3,5267,100
3,5268,100
3,5269,0
3,5270,0
3,5271,0
3,5272,0
3,5273,0
3,5274,0
3,5275,0
3,5276,0
3,5277,0
3,5278,0
3,5279,0
3,5280,0
3,5281,0
3,5282,0
3,5283,0
3,5284,0
3,5285,0
3,5286,0
3,5287,0
3,5288,0
3,5289,0
3,5290,0
3,5291,0
3,5292,0
3,5293,0
3,5294,100
3,5295,100
3,5296,100
3,5297,0
3,5298,0
3,5299,100
3,5300,100
3,5301,100
3,5302,100
3,5303,100
3,5304,100
3,5305,0
3,5306,0
3,5307,0
3,5308,0
3,5309,0
3,5310,0
3,5311,0
3,5312,0
3,5313,0
3,5314,0
3,5315,0
3,5316,0
3,5317,0
3,5318,0
3,5319,0
3,5320,0
3,5321,0
3,5322,0
3,5323,0
3,5324,0
3,5325,0
3,5326,0
3,5327,0
3,5328,0
3,5329,0
3,5330,0
3,5331,0
3,5332,0
3,5333,0
3,5334,0
3,5335,0
3,5336,0
3,5337,0
3,5338,100
3,5339,100
3,5340,100
3,5341,100
3,5342,100
3,5343,100
3,5344,100
3,5345,100
3,5346,100
3,5347,100
3,5348,100
3,5349,0
3,5350,0
3,5351,0
3,5352,0
3,5353,0
3,5354,0
3,5355,0
3,5356,0
3,5357,0
3,5358,0
3,5359,0
3,5360,0
3,5361,0
3,5362,0
3,5363,0
3,5364,0
3,5365,0
3,5366,0
3,5367,0
3,5368,0
3,5369,100
3,5370,100
3,5371,100
3,5372,100
3,5373,100
3,5374,0
3,5375,100
3,5376,100
3,5377,100
3,5378,100
3,5379,0
3,5380,0
3,5381,0
3,5382,0
3,5383,0
3,5384,0
3,5385,0
3,5386,0
3,5387,0
3,5388,0
3,5389,0
3,5390,0
3,5391,0
3,5392,0
3,5393,0
3,5394,0
3,5395,0
3,5396,0
3,5397,0
3,5398,0
3,5399,0
3,5400,0
3,5401,0
3,5402,0
3,5403,0
3,5404,100
3,5405,100
3,5406,100
3,5407,100
3,5408,100
3,5409,100
3,5410,100
3,5411,100
3,5412,0
3,5413,0
3,5414,0
3,5415,0
3,5416,0
3,5417,0
3,5418,0
3,5419,0
3,5420,0
3,5421,0
3,5422,0
3,5423,0
3,5424,0
3,5425,0
3,5426,0
3,5427,0
3,5428,0
3,5429,0
3,5430,100
3,5431,100
3,5432,100
3,5433,100
3,5434,100
3,5435,100
3,5436,0
3,5437,0
3,5438,0
3,5439,0
3,5440,0
3,5441,0
3,5442,0
3,5443,0
3,5444,0
3,5445,0
3,5446,0
3,5447,0
3,5448,0
3,5449,0
3,5450,0
3,5451,0
3,5452,0
3,5453,0
3,5454,0
3,5455,0
3,5456,0
3,5457,0
3,5458,0
3,5459,0
3,5460,0
3,5461,0
3,5462,0
3,5463,100
3,5464,100
3,5465,100
3,5466,100
3,5467,100
3,5468,0
3,5469,0
3,5470,0
3,5471,0
3,5472,0
3,5473,0
3,5474,0
3,5475,0
3,5476,0
3,5477,0
3,5478,0
3,5479,0
3,5480,0
3,5481,0
3,5482,0
3,5483,100
3,5484,100
3,5485,100
3,5486,100
3,5487,100
3,5488,100
3,5489,100
3,5490,100
3,5491,100
3,5492,100
3,5493,0
3,5494,0
3,5495,0
3,5496,0
3,5497,0
3,5498,0
3,5499,0
3,5500,0
3,5501,0
3,5502,0
3,5503,0
3,5504,0
3,5505,0
3,5506,0
3,5507,0
3,5508,0
3,5509,0
3,5510,100
3,5511,100
3,5512,100
3,5513,100
3,5514,100
3,5515,0
3,5516,0
3,5517,0
3,5518,0
3,5519,0
3,5520,0
3,5521,0
3,5522,0
3,5523,0
3,5524,0
3,5525,0
3,5526,0
3,5527,0
3,5528,0
3,5529,0
3,5530,0
3,5531,0
3,5532,0
3,5533,0
3,5534,100
3,5535,0
3,5536,0
3,5537,0
3,5538,0
3,5539,100
3,5540,100
3,5541,100
3,5542,100
3,5543,100
3,5544,100
3,5545,0
3,5546,0
3,5547,0
3,5548,0
3,5549,0
3,5550,0
3,5551,0
3,5552,0
3,5553,0
3,5554,0
3,5555,0
3,5556,0
3,5557,0
3,5558,0
3,5559,0
3,5560,0
3,5561,0
3,5562,100
3,5563,100
3,5564,100
3,5565,100
3,5566,100
3,5567,100
3,5568,100
3,5569,100
3,5570,100
3,5571,100
3,5572,0
3,5573,0
3,5574,0
3,5575,0
3,5576,0
3,5577,0
3,5578,0
3,5579,0
3,5580,0
3,5581,0
3,5582,0
3,5583,0
3,5584,0
3,5585,0
3,5586,0
3,5587,0
3,5588,0
3,5589,0
3,5590,0
3,5591,0
3,5592,0
3,5593,100
3,5594,100
3,5595,100
3,5596,100
3,5597,100
3,5598,0
3,5599,0
3,5600,100
3,5601,0
3,5602,0
3,5603,0
3,5604,0
3,5605,100
3,5606,100
3,5607,100
3,5608,100
3,5609,100
3,5610,100
3,5611,100
3,5612,0
3,5613,0
3,5614,0
3,5615,0
3,5616,0
3,5617,0
3,5618,0
3,5619,0
3,5620,0
3,5621,0
3,5622,0
3,5623,0
3,5624,0
3,5625,0
3,5626,0
3,5627,0
3,5628,0
3,5629,0
3,5630,100
3,5631,100
3,5632,100
3,5633,100
3,5634,0
3,5635,100
3,5636,100
3,5637,100
3,5638,100
3,5639,0
3,5640,0
3,5641,0
3,5642,0
3,5643,0
3,5644,0
3,5645,0
3,5646,0
3,5647,0
3,5648,0
3,5649,0
3,5650,0
3,5651,0
3,5652,0
3,5653,0
3,5654,0
3,5655,0
3,5656,0
3,5657,0
3,5658,0
3,5659,100
3,5660,100
3,5661,100
3,5662,100
3,5663,100
3,5664,100
3,5665,100
3,5666,100
3,5667,100
3,5668,0
3,5669,0
3,5670,0
3,5671,0
3,5672,0
3,5673,0
3,5674,0
3,5675,0
3,5676,0
3,5677,0
3,5678,0
3,5679,0
3,5680,0
3,5681,0
3,5682,0
3,5683,0
3,5684,0
3,5685,0
3,5686,0
3,5687,100
3,5688,100
3,5689,100
3,5690,100
3,5691,0
3,5692,0
3,5693,0
3,5694,0
3,5695,0
3,5696,0
3,5697,0
3,5698,0
3,5699,0
3,5700,0
3,5701,0
3,5702,0
3,5703,0
3,5704,0
3,5705,0
3,5706,0
3,5707,0
3,5708,0
3,5709,0
3,5710,0
3,5711,0
3,5712,0
3,5713,0
3,5714,0
3,5715,0
3,5716,0
3,5717,0
3,5718,100
3,5719,100
3,5720,100
3,5721,100
3,5722,100
3,5723,100
3,5724,0
3,5725,0
3,5726,0
3,5727,0
3,5728,0
3,5729,0
3,5730,0
3,5731,0
3,5732,0
3,5733,0
3,5734,0
3,5735,0
3,5736,0
3,5737,0
3,5738,0
3,5739,0
3,5740,0
3,5741,0
3,5742,100
3,5743,100
3,5744,100
3,5745,100
3,5746,100
3,5747,100
3,5748,100
3,5749,100
3,5750,100
3,5751,0
3,5752,0
3,5753,0
3,5754,0
3,5755,0
3,5756,0
3,5757,0
3,5758,0
3,5759,0
3,5760,0
3,5761,0
3,5762,0
3,5763,0
3,5764,0
3,5765,0
3,5766,0
3,5767,0
3,5768,0
3,5769,0
3,5770,100
3,5771,100
3,5772,100
3,5773,100
3,5774,100
3,5775,100
3,5776,100
3,5777,100
3,5778,100
3,5779,100
3,5780,0
3,5781,0
3,5782,0
3,5783,0
3,5784,0
3,5785,0
3,5786,0
3,5787,0
3,5788,0
3,5789,0
3,5790,0
3,5791,0
3,5792,0
3,5793,0
3,5794,0
3,5795,0
3,5796,0
3,5797,0
3,5798,100
3,5799,100
3,5800,100
3,5801,100
3,5802,0
3,5803,0
3,5804,0
3,5805,0
3,5806,0
3,5807,0
3,5808,0
3,5809,0
3,5810,0
3,5811,0
3,5812,0
3,5813,0
3,5814,0
3,5815,0
3,5816,0
3,5817,0
3,5818,0
3,5819,0
3,5820,100
3,5821,100
3,5822,100
3,5823,100
3,5824,100
3,5825,100
3,5826,100
3,5827,100
3,5828,100
3,5829,100
3,5830,0
3,5831,0
3,5832,0
3,5833,0
3,5834,0
3,5835,0
3,5836,0
3,5837,0
3,5838,0
3,5839,0
3,5840,0
3,5841,0
3,5842,0
3,5843,0
3,5844,0
3,5845,0
3,5846,0
3,5847,0
3,5848,0
3,5849,0
3,5850,0
3,5851,100
3,5852,100
3,5853,100
3,5854,100
3,5855,100
3,5856,100
3,5857,100
3,5858,100
3,5859,100
3,5860,0
3,5861,0
3,5862,0
3,5863,0
3,5864,0
3,5865,0
3,5866,0
3,5867,0
3,5868,0
3,5869,0
3,5870,0
3,5871,0
3,5872,0
3,5873,0
3,5874,0
3,5875,100
3,5876,100
3,5877,100
3,5878,100
3,5879,0
3,5880,0
3,5881,0
3,5882,0
3,5883,0
3,5884,0
3,5885,0
3,5886,0
3,5887,0
3,5888,0
3,5889,0
3,5890,0
3,5891,0
3,5892,0
3,5893,0
3,5894,0
3,5895,0
3,5896,0
3,5897,100
3,5898,100
3,5899,100
3,5900,100
3,5901,0
3,5902,0
3,5903,0
3,5904,0
3,5905,0
3,5906,0
3,5907,0
3,5908,0
3,5909,0
3,5910,0
3,5911,0
3,5912,0
3,5913,0
3,5914,0
3,5915,0
3,5916,0
3,5917,0
3,5918,100
3,5919,100
3,5920,100
3,5921,100
3,5922,100
3,5923,100
3,5924,100
3,5925,100
3,5926,0
3,5927,0
3,5928,0
3,5929,0
3,5930,0
3,5931,0
3,5932,0
3,5933,0
3,5934,0
3,5935,0
3,5936,0
3,5937,0
3,5938,0
3,5939,0
3,5940,0
3,5941,0
3,5942,0
3,5943,100
3,5944,100
3,5945,100
3,5946,100
3,5947,100
3,5948,0
3,5949,0
3,5950,0
3,5951,0
3,5952,0
3,5953,0
3,5954,0
3,5955,0
3,5956,0
3,5957,0
3,5958,0
3,5959,0
3,5960,0
3,5961,0
3,5962,0
3,5963,100
3,5964,100
3,5965,100
3,5966,100
3,5967,100
3,5968,100
3,5969,0
3,5970,0
3,5971,0
3,5972,100
3,5973,100
3,5974,100
3,5975,0
3,5976,0
3,5977,0
3,5978,0
3,5979,0
3,5980,0
3,5981,0
3,5982,0
3,5983,0
3,5984,0
3,5985,0
3,5986,0
3,5987,0
3,5988,100
3,5989,100
3,5990,100
3,5991,100
3,5992,0
3,5993,0
3,5994,0
3,5995,0
3,5996,0
3,5997,0
3,5998,0
3,5999,0
3,6000,0
3,6001,0
3,6002,0
3,6003,0
3,6004,100
3,6005,100
3,6006,100
3,6007,100
3,6008,0
3,6009,0
3,6010,0
3,6011,0
3,6012,0
3,6013,0
3,6014,0
3,6015,0
3,6016,0
3,6017,0
3,6018,0
3,6019,0
3,6020,100
3,6021,100
3,6022,100
3,6023,100
3,6024,0
3,6025,0
3,6026,0
3,6027,0
3,6028,0
3,6029,0
3,6030,0
3,6031,0
3,6032,0
3,6033,0
3,6034,0
3,6035,0
3,6036,0
3,6037,100
3,6038,100
3,6039,100
3,6040,100
3,6041,0
3,6042,0
3,6043,0
3,6044,0
3,6045,0
3,6046,0
3,6047,0
3,6048,0
3,6049,0
3,6050,0
3,6051,0
3,6052,0
3,6053,100
3,6054,100
3,6055,100
3,6056,100
3,6057,0
3,6058,0
3,6059,0
3,6060,0
3,6061,0
3,6062,0
3,6063,0
3,6064,0
3,6065,0
3,6066,0
3,6067,0
3,6068,0
3,6069,100
3,6070,100
3,6071,100
3,6072,100
3,6073,0
3,6074,0
3,6075,0
3,6076,0
3,6077,0
3,6078,0
3,6079,0
3,6080,0
3,6081,0
3,6082,0
3,6083,0
3,6084,0
3,6085,100
3,6086,100
3,6087,100
3,6088,0
3,6089,0
3,6090,0
3,6091,0
3,6092,0
3,6093,0
3,6094,0
3,6095,0
3,6096,0
3,6097,0
3,6098,0
3,6099,0
3,6100,100
3,6101,0
3,6102,0
3,6103,0
3,6104,0
3,6105,0
3,6106,0
3,6107,0
3,6108,0
3,6109,0
3,6110,100
3,6111,100
3,6112,100
3,6113,100
3,6114,100
3,6115,100
3,6116,100
3,6117,0
3,6118,0
3,6119,0
3,6120,0
3,6121,0
3,6122,0
3,6123,0
3,6124,0
3,6125,0
3,6126,100
3,6127,0
3,6128,0
3,6129,0
3,6130,0
3,6131,100
3,6132,100
3,6133,100
3,6134,100
3,6135,0
3,6136,0
3,6137,0
3,6138,0
3,6139,0
3,6140,0
3,6141,0
3,6142,0
3,6143,0
3,6144,0
3,6145,0
3,6146,0
3,6147,0
3,6148,0
3,6149,0
3,6150,0
3,6151,0
3,6152,0
3,6153,100
3,6154,100
3,6155,100
3,6156,100
3,6157,0
3,6158,0
3,6159,0
3,6160,0
3,6161,0
3,6162,0
3,6163,0
3,6164,0
3,6165,0
3,6166,0
3,6167,0
3,6168,0
3,6169,0
3,6170,0
3,6171,100
3,6172,100
3,6173,100
3,6174,0
3,6175,0
3,6176,0
3,6177,0
3,6178,0
3,6179,0
3,6180,0
3,6181,0
3,6182,0
3,6183,0
3,6184,0
3,6185,0
3,6186,0
3,6187,100
3,6188,100
3,6189,100
3,6190,0
3,6191,0
3,6192,0
3,6193,0
3,6194,0
3,6195,0
3,6196,0
3,6197,0
3,6198,0
3,6199,0
3,6200,0
3,6201,0
3,6202,0
3,6203,100
3,6204,100
3,6205,100
3,6206,0
3,6207,0
3,6208,0
3,6209,0
3,6210,0
3,6211,0
3,6212,0
3,6213,0
3,6214,0
3,6215,0
3,6216,0
3,6217,0
3,6218,0
3,6219,100
3,6220,100
3,6221,100
3,6222,0
3,6223,0
3,6224,0
3,6225,100
3,6226,100
3,6227,100
3,6228,0
3,6229,0
3,6230,0
3,6231,0
3,6232,0
3,6233,0
3,6234,0
3,6235,0
3,6236,0
3,6237,100
3,6238,100
3,6239,100
3,6240,100
3,6241,100
3,6242,100
3,6243,100
3,6244,0
3,6245,0
3,6246,0
3,6247,0
3,6248,0
3,6249,0
3,6250,0
3,6251,0
3,6252,0
3,6253,0
3,6254,100
3,6255,100
3,6256,100
3,6257,100
3,6258,100
3,6259,100
3,6260,100
3,6261,0
3,6262,0
3,6263,0
3,6264,0
3,6265,0
3,6266,0
3,6267,0
3,6268,0
3,6269,0
3,6270,100
3,6271,100
3,6272,100
3,6273,100
3,6274,100
3,6275,100
3,6276,100
3,6277,0
3,6278,0
3,6279,0
3,6280,0
3,6281,0
3,6282,0
3,6283,0
3,6284,0
3,6285,0
3,6286,100
3,6287,100
3,6288,100
3,6289,100
3,6290,100
3,6291,100
3,6292,100
3,6293,0
3,6294,0
3,6295,0
3,6296,0
3,6297,0
3,6298,0
3,6299,0
3,6300,0
3,6301,0
3,6302,0
3,6303,0
3,6304,0
3,6305,0
3,6306,0
3,6307,100
3,6308,100
3,6309,100
3,6310,0
3,6311,0
3,6312,0
3,6313,0
3,6314,0
3,6315,0
3,6316,0
3,6317,0
3,6318,0
3,6319,0
3,6320,0
3,6321,0
3,6322,0
3,6323,100
3,6324,100
3,6325,100
3,6326,0
3,6327,0
3,6328,0
3,6329,0
3,6330,0
3,6331,0
3,6332,0
3,6333,0
3,6334,0
3,6335,0
3,6336,0
3,6337,0
3,6338,0
3,6339,100
3,6340,100
3,6341,100
3,6342,100
3,6343,0
3,6344,0
3,6345,0
3,6346,0
3,6347,0
3,6348,0
3,6349,0
3,6350,0
3,6351,0
3,6352,0
3,6353,0
3,6354,0
3,6355,0
3,6356,0
3,6357,0
3,6358,0
3,6359,0
3,6360,100
3,6361,100
3,6362,100
3,6363,100
3,6364,0
3,6365,0
3,6366,0
3,6367,0
3,6368,0
3,6369,0
3,6370,0
3,6371,0
3,6372,0
3,6373,0
3,6374,0
3,6375,0
3,6376,100
3,6377,100
3,6378,100
3,6379,0
3,6380,0
3,6381,0
3,6382,0
3,6383,0
3,6384,0
3,6385,0
3,6386,0
3,6387,0
3,6388,0
3,6389,0
3,6390,0
3,6391,100
3,6392,100
3,6393,100
3,6394,0
3,6395,0
3,6396,0
3,6397,0
3,6398,0
3,6399,0
3,6400,0
3,6401,0
3,6402,0
3,6403,0
3,6404,0
3,6405,0
3,6406,100
3,6407,100
3,6408,100
3,6409,0
3,6410,0
3,6411,0
3,6412,0
3,6413,0
3,6414,0
3,6415,0
3,6416,0
3,6417,0
3,6418,0
3,6419,0
3,6420,0
3,6421,0
3,6422,100
3,6423,100
3,6424,100
3,6425,100
3,6426,0
3,6427,0
3,6428,0
3,6429,0
3,6430,0
3,6431,0
3,6432,0
3,6433,0
3,6434,0
3,6435,0
3,6436,0
3,6437,0
3,6438,100
3,6439,100
3,6440,100
3,6441,0
3,6442,0
3,6443,0
3,6444,0
3,6445,0
3,6446,0
3,6447,0
3,6448,0
3,6449,0
3,6450,0
3,6451,0
3,6452,0
3,6453,100
3,6454,100
3,6455,100
3,6456,100
3,6457,0
3,6458,0
3,6459,0
3,6460,0
3,6461,0
3,6462,0
3,6463,0
3,6464,0
3,6465,0
3,6466,0
3,6467,0
3,6468,0
3,6469,100
3,6470,100
3,6471,100
3,6472,0
3,6473,0
3,6474,0
3,6475,0
3,6476,0
3,6477,0
3,6478,0
3,6479,0
3,6480,0
3,6481,0
3,6482,0
3,6483,0
3,6484,0
3,6485,0
3,6486,100
3,6487,100
3,6488,100
3,6489,0
3,6490,0
3,6491,0
3,6492,0
3,6493,0
3,6494,0
3,6495,0
3,6496,0
3,6497,0
3,6498,0
3,6499,0
3,6500,0
3,6501,100
3,6502,100
3,6503,100
3,6504,100
3,6505,0
3,6506,0
3,6507,0
3,6508,0
3,6509,0
3,6510,0
3,6511,0
3,6512,0
3,6513,0
3,6514,0
3,6515,0
3,6516,100
3,6517,100
3,6518,100
3,6519,0
3,6520,0
3,6521,0
3,6522,0
3,6523,0
3,6524,0
3,6525,0
3,6526,0
3,6527,0
3,6528,0
3,6529,0
3,6530,0
3,6531,100
3,6532,100
3,6533,100
3,6534,100
3,6535,0
3,6536,0
3,6537,0
3,6538,0
3,6539,0
3,6540,0
3,6541,0
3,6542,0
3,6543,0
3,6544,0
3,6545,0
3,6546,0
3,6547,100
3,6548,100
3,6549,100
3,6550,0
3,6551,0
3,6552,0
3,6553,0
3,6554,0
3,6555,0
3,6556,0
3,6557,0
3,6558,0
3,6559,0
3,6560,0
3,6561,0
3,6562,0
3,6563,100
3,6564,100
3,6565,100
3,6566,0
3,6567,0
3,6568,0
3,6569,0
3,6570,0
3,6571,0
3,6572,0
3,6573,0
3,6574,0
3,6575,0
3,6576,0
3,6577,0
3,6578,0
3,6579,100
3,6580,100
3,6581,100
3,6582,0
3,6583,0
3,6584,0
3,6585,0
3,6586,0
3,6587,0
3,6588,0
3,6589,0
3,6590,0
3,6591,0
3,6592,0
3,6593,0
3,6594,100
3,6595,100
3,6596,100
3,6597,100
3,6598,0
3,6599,0
3,6600,0
3,6601,0
3,6602,0
3,6603,0
3,6604,0
3,6605,0
3,6606,0
3,6607,0
3,6608,100
3,6609,0
3,6610,0
3,6611,0
3,6612,0
3,6613,100
3,6614,100
3,6615,100
3,6616,0
3,6617,0
3,6618,0
3,6619,0
3,6620,0
3,6621,0
3,6622,0
3,6623,0
3,6624,0
3,6625,0
3,6626,0
3,6627,0
3,6628,0
3,6629,0
3,6630,0
3,6631,0
3,6632,0
3,6633,0
3,6634,100
3,6635,100
3,6636,100
3,6637,0
3,6638,0
3,6639,0
3,6640,0
3,6641,0
3,6642,0
3,6643,0
3,6644,0
3,6645,0
3,6646,0
3,6647,0
3,6648,0
3,6649,0
3,6650,0
3,6651,100
3,6652,100
3,6653,100
3,6654,100
3,6655,100
3,6656,0
3,6657,0
3,6658,0
3,6659,0
3,6660,0
3,6661,0
3,6662,0
3,6663,0
3,6664,0
3,6665,0
3,6666,0
3,6667,0
3,6668,100
3,6669,100
3,6670,100
3,6671,100
3,6672,100
3,6673,100
3,6674,100
3,6675,0
3,6676,0
3,6677,0
3,6678,0
3,6679,0
3,6680,0
3,6681,0
3,6682,0
3,6683,0
3,6684,0
3,6685,0
3,6686,100
3,6687,100
3,6688,100
3,6689,100
3,6690,100
3,6691,100
3,6692,100
3,6693,0
3,6694,0
3,6695,0
3,6696,0
3,6697,0
3,6698,0
3,6699,0
3,6700,0
3,6701,0
3,6702,0
3,6703,0
3,6704,100
3,6705,100
3,6706,100
3,6707,100
3,6708,100
3,6709,100
3,6710,0
3,6711,0
3,6712,0
3,6713,0
3,6714,0
3,6715,0
3,6716,0
3,6717,0
3,6718,0
3,6719,0
3,6720,0
3,6721,0
3,6722,0
3,6723,100
3,6724,100
3,6725,100
3,6726,100
3,6727,0
3,6728,0
3,6729,0
3,6730,0
3,6731,0
3,6732,0
3,6733,0
3,6734,0
3,6735,0
3,6736,0
3,6737,0
3,6738,0
3,6739,0
3,6740,0
3,6741,0
3,6742,100
3,6743,100
3,6744,100
3,6745,100
3,6746,0
3,6747,0
3,6748,0
3,6749,0
3,6750,0
3,6751,0
3,6752,0
3,6753,0
3,6754,0
3,6755,0
3,6756,0
3,6757,0
3,6758,0
3,6759,0
3,6760,100
3,6761,100
3,6762,100
3,6763,0
3,6764,0
3,6765,0
3,6766,0
3,6767,0
3,6768,0
3,6769,0
3,6770,0
3,6771,0
3,6772,0
3,6773,0
3,6774,0
3,6775,0
3,6776,100
3,6777,100
3,6778,100
3,6779,100
3,6780,0
3,6781,0
3,6782,0
3,6783,0
3,6784,0
3,6785,0
3,6786,0
3,6787,0
3,6788,0
3,6789,0
3,6790,0
3,6791,0
3,6792,0
3,6793,100
3,6794,100
3,6795,100
3,6796,0
3,6797,0
3,6798,0
3,6799,0
3,6800,0
3,6801,0
3,6802,0
3,6803,0
3,6804,0
3,6805,0
3,6806,0
3,6807,0
3,6808,0
3,6809,0
3,6810,100
3,6811,100
3,6812,100
3,6813,0
3,6814,0
3,6815,0
3,6816,0
3,6817,0
3,6818,0
3,6819,0
3,6820,0
3,6821,0
3,6822,0
3,6823,0
3,6824,0
3,6825,0
3,6826,100
3,6827,100
3,6828,100
3,6829,100
3,6830,0
3,6831,0
3,6832,0
3,6833,0
3,6834,0
3,6835,0
3,6836,0
3,6837,0
3,6838,0
3,6839,0
3,6840,0
3,6841,0
3,6842,100
3,6843,100
3,6844,100
3,6845,100
3,6846,0
3,6847,0
3,6848,0
3,6849,0
3,6850,0
3,6851,0
3,6852,0
3,6853,0
3,6854,0
3,6855,0
3,6856,0
3,6857,0
3,6858,0
3,6859,100
3,6860,100
3,6861,100
3,6862,100
3,6863,0
3,6864,0
3,6865,100
3,6866,100
3,6867,100
3,6868,100
3,6869,100
3,6870,0
3,6871,0
3,6872,0
3,6873,0
3,6874,0
3,6875,0
3,6876,0
3,6877,0
3,6878,0
3,6879,0
3,6880,0
3,6881,0
3,6882,0
3,6883,100
3,6884,100
3,6885,100
3,6886,0
3,6887,0
3,6888,0
3,6889,0
3,6890,0
3,6891,0
3,6892,0
3,6893,0
3,6894,0
3,6895,0
3,6896,0
3,6897,0
3,6898,0
3,6899,100
3,6900,100
3,6901,100
3,6902,100
3,6903,0
3,6904,0
3,6905,0
3,6906,0
3,6907,0
3,6908,0
3,6909,0
3,6910,0
3,6911,0
3,6912,0
3,6913,0
3,6914,0
3,6915,0
3,6916,0
3,6917,100
3,6918,100
3,6919,100
3,6920,0
3,6921,0
3,6922,0
3,6923,0
3,6924,0
3,6925,0
3,6926,0
3,6927,0
3,6928,0
3,6929,0
3,6930,0
3,6931,0
3,6932,0
3,6933,0
3,6934,100
3,6935,100
3,6936,100
3,6937,100
3,6938,0
3,6939,0
3,6940,0
3,6941,0
3,6942,0
3,6943,0
3,6944,0
3,6945,0
3,6946,0
3,6947,0
3,6948,0
3,6949,0
3,6950,0
3,6951,100
3,6952,100
3,6953,100
3,6954,0
3,6955,0
3,6956,0
3,6957,0
3,6958,0
3,6959,0
3,6960,0
3,6961,0
3,6962,0
3,6963,0
3,6964,0
3,6965,0
3,6966,0
3,6967,0
3,6968,100
3,6969,100
3,6970,100
3,6971,100
3,6972,0
3,6973,0
3,6974,0
3,6975,0
3,6976,0
3,6977,0
3,6978,0
3,6979,0
3,6980,0
3,6981,0
3,6982,0
3,6983,0
3,6984,0
3,6985,1600
3,6986,0
3,6987,0
3,6988,0
3,6989,0
3,6990,0
3,6991,0
3,6992,0
3,6993,0
3,6994,0
3,6995,0
3,6996,0
3,6997,0
3,6998,0
3,6999,0
3,7000,0
3,7001,0
3,7002,0
3,7003,0
3,7004,0
3,7005,100
3,7006,100
3,7007,100
3,7008,0
3,7009,0
3,7010,0
3,7011,0
3,7012,0
3,7013,0
3,7014,0
3,7015,0
3,7016,0
3,7017,0
3,7018,0
3,7019,0
3,7020,0
3,7021,100
3,7022,100
3,7023,100
3,7024,100
3,7025,0
3,7026,0
3,7027,0
3,7028,0
3,7029,0
3,7030,0
3,7031,0
3,7032,0
3,7033,0
3,7034,0
3,7035,0
3,7036,0
3,7037,100
3,7038,100
3,7039,100
3,7040,100
3,7041,100
3,7042,100
3,7043,0
3,7044,0
3,7045,0
3,7046,100
3,7047,100
3,7048,100
3,7049,0
3,7050,0
3,7051,0
3,7052,0
3,7053,0
3,7054,0
3,7055,0
3,7056,0
3,7057,0
3,7058,0
3,7059,0
3,7060,0
3,7061,0
3,7062,0
3,7063,100
3,7064,100
3,7065,100
3,7066,100
3,7067,0
3,7068,0
3,7069,0
3,7070,0
3,7071,0
3,7072,0
3,7073,0
3,7074,0
3,7075,0
3,7076,0
3,7077,0
3,7078,0
3,7079,0
3,7080,0
3,7081,100
3,7082,100
3,7083,100
3,7084,0
3,7085,0
3,7086,0
3,7087,0
3,7088,0
3,7089,0
3,7090,0
3,7091,0
3,7092,0
3,7093,0
3,7094,0
3,7095,0
3,7096,0
3,7097,0
3,7098,100
3,7099,100
3,7100,100
3,7101,100
3,7102,0
3,7103,0
3,7104,0
3,7105,0
3,7106,0
3,7107,0
3,7108,0
3,7109,0
3,7110,100
3,7111,100
3,7112,100
3,7113,0
3,7114,0
3,7115,0
3,7116,0
3,7117,0
3,7118,0
3,7119,0
3,7120,0
3,7121,100
3,7122,0
3,7123,0
3,7124,0
3,7125,0
3,7126,0
3,7127,0
3,7128,0
3,7129,0
3,7130,0
3,7131,0
3,7132,0
3,7133,100
3,7134,100
3,7135,100
3,7136,100
3,7137,100
3,7138,100
3,7139,100
3,7140,0
3,7141,0
3,7142,0
3,7143,0
3,7144,0
3,7145,0
3,7146,0
3,7147,0
3,7148,0
3,7149,0
3,7150,100
3,7151,100
3,7152,100
3,7153,100
3,7154,100
3,7155,100
3,7156,0
3,7157,0
3,7158,0
3,7159,0
3,7160,0
3,7161,0
3,7162,0
3,7163,0
3,7164,0
3,7165,0
3,7166,100
3,7167,0
3,7168,0
3,7169,0
3,7170,100
3,7171,100
3,7172,0
3,7173,0
3,7174,0
3,7175,0
3,7176,0
3,7177,0
3,7178,0
3,7179,0
3,7180,0
3,7181,0
3,7182,0
3,7183,100
3,7184,100
3,7185,100
3,7186,100
3,7187,100
3,7188,100
3,7189,0
3,7190,0
3,7191,0
3,7192,0
3,7193,0
3,7194,0
3,7195,0
3,7196,0
3,7197,0
3,7198,0
3,7199,0
3,7200,0
3,7201,0
3,7202,0
3,7203,100
3,7204,100
3,7205,100
3,7206,0
3,7207,0
3,7208,0
3,7209,0
3,7210,0
3,7211,0
3,7212,0
3,7213,0
3,7214,0
3,7215,0
3,7216,0
3,7217,0
3,7218,0
3,7219,100
3,7220,100
3,7221,100
3,7222,100
3,7223,0
3,7224,0
3,7225,0
3,7226,0
3,7227,0
3,7228,0
3,7229,0
3,7230,0
3,7231,0
3,7232,0
3,7233,0
3,7234,0
3,7235,0
3,7236,0
3,7237,100
3,7238,100
3,7239,100
3,7240,0
3,7241,0
3,7242,0
3,7243,0
3,7244,0
3,7245,0
3,7246,0
3,7247,0
3,7248,0
3,7249,0
3,7250,0
3,7251,0
3,7252,0
3,7253,0
3,7254,0
3,7255,0
3,7256,0
3,7257,0
3,7258,100
3,7259,100
3,7260,100
3,7261,100
3,7262,100
3,7263,100
3,7264,0
3,7265,0
3,7266,0
3,7267,0
3,7268,0
3,7269,0
3,7270,0
3,7271,0
3,7272,0
3,7273,0
3,7274,0
3,7275,0
3,7276,0
3,7277,0
3,7278,0
3,7279,0
3,7280,0
3,7281,100
3,7282,100
3,7283,100
3,7284,100
3,7285,100
3,7286,100
3,7287,0
3,7288,0
3,7289,0
3,7290,0
3,7291,0
3,7292,0
3,7293,0
3,7294,0
3,7295,0
3,7296,0
3,7297,0
3,7298,0
3,7299,0
3,7300,0
3,7301,0
3,7302,0
3,7303,100
3,7304,100
3,7305,100
3,7306,100
3,7307,0
3,7308,0
3,7309,0
3,7310,0
3,7311,0
3,7312,0
3,7313,0
3,7314,0
3,7315,0
3,7316,0
3,7317,0
3,7318,0
3,7319,0
3,7320,0
3,7321,0
3,7322,0
3,7323,0
3,7324,100
3,7325,100
3,7326,100
3,7327,100
3,7328,100
3,7329,100
3,7330,100
3,7331,100
3,7332,0
3,7333,0
3,7334,0
3,7335,0
3,7336,0
3,7337,0
3,7338,0
3,7339,0
3,7340,0
3,7341,0
3,7342,0
3,7343,0
3,7344,0
3,7345,0
3,7346,0
3,7347,100
3,7348,100
3,7349,100
3,7350,100
3,7351,100
3,7352,0
3,7353,0
3,7354,0
3,7355,0
3,7356,0
3,7357,0
3,7358,0
3,7359,0
3,7360,0
3,7361,0
3,7362,0
3,7363,0
3,7364,0
3,7365,0
3,7366,0
3,7367,0
3,7368,100
3,7369,100
3,7370,100
3,7371,100
3,7372,100
3,7373,0
3,7374,0
3,7375,0
3,7376,0
3,7377,100
3,7378,100
3,7379,0
3,7380,0
3,7381,0
3,7382,0
3,7383,0
3,7384,0
3,7385,0
3,7386,0
3,7387,0
3,7388,0
3,7389,100
3,7390,100
3,7391,100
3,7392,100
3,7393,100
3,7394,100
3,7395,100
3,7396,0
3,7397,0
3,7398,0
3,7399,0
3,7400,0
3,7401,0
3,7402,0
3,7403,0
3,7404,0
3,7405,0
3,7406,100
3,7407,100
3,7408,100
3,7409,100
3,7410,100
3,7411,100
3,7412,0
3,7413,0
3,7414,0
3,7415,0
3,7416,0
3,7417,0
3,7418,0
3,7419,0
3,7420,0
3,7421,0
3,7422,100
3,7423,100
3,7424,100
3,7425,100
3,7426,100
3,7427,100
3,7428,100
3,7429,0
3,7430,0
3,7431,0
3,7432,0
3,7433,0
3,7434,0
3,7435,0
3,7436,0
3,7437,0
3,7438,100
3,7439,100
3,7440,100
3,7441,100
3,7442,100
3,7443,100
3,7444,100
3,7445,0
3,7446,0
3,7447,0
3,7448,0
3,7449,0
3,7450,0
3,7451,0
3,7452,0
3,7453,0
3,7454,0
3,7455,0
3,7456,0
3,7457,0
3,7458,0
3,7459,100
3,7460,100
3,7461,100
3,7462,0
3,7463,0
3,7464,0
3,7465,0
3,7466,0
3,7467,0
3,7468,0
3,7469,0
3,7470,0
3,7471,0
3,7472,0
3,7473,0
3,7474,100
3,7475,100
3,7476,100
3,7477,100
3,7478,0
3,7479,0
3,7480,0
3,7481,0
3,7482,0
3,7483,0
3,7484,0
3,7485,0
3,7486,0
3,7487,0
3,7488,0
3,7489,0
3,7490,0
3,7491,100
3,7492,100
3,7493,100
3,7494,100
3,7495,0
3,7496,0
3,7497,0
3,7498,0
3,7499,0
3,7500,0
3,7501,0
3,7502,0
3,7503,0
3,7504,0
3,7505,0
3,7506,0
3,7507,0
3,7508,0
3,7509,0
3,7510,0
3,7511,100
3,7512,100
3,7513,100
3,7514,0
3,7515,0
3,7516,0
3,7517,0
3,7518,0
3,7519,0
3,7520,0
3,7521,0
3,7522,0
3,7523,0
3,7524,0
3,7525,0
3,7526,0
3,7527,0
3,7528,100
3,7529,100
3,7530,100
3,7531,0
3,7532,0
3,7533,0
3,7534,0
3,7535,0
3,7536,0
3,7537,0
3,7538,0
3,7539,0
3,7540,0
3,7541,0
3,7542,0
3,7543,0
3,7544,100
3,7545,100
3,7546,100
3,7547,100
3,7548,0
3,7549,0
3,7550,0
3,7551,0
3,7552,0
3,7553,0
3,7554,0
3,7555,0
3,7556,0
3,7557,0
3,7558,0
3,7559,0
3,7560,0
3,7561,100
3,7562,100
3,7563,100
3,7564,100
3,7565,0
3,7566,0
3,7567,0
3,7568,0
3,7569,0
3,7570,0
3,7571,0
3,7572,0
3,7573,0
3,7574,0
3,7575,0
3,7576,0
3,7577,0
3,7578,0
3,7579,100
3,7580,100
3,7581,100
3,7582,100
3,7583,100
3,7584,100
3,7585,100
3,7586,0
3,7587,0
3,7588,0
3,7589,0
3,7590,0
3,7591,0
3,7592,0
3,7593,0
3,7594,0
3,7595,0
3,7596,0
3,7597,100
3,7598,100
3,7599,100
3,7600,100
3,7601,100
3,7602,100
3,7603,100
3,7604,0
3,7605,0
3,7606,0
3,7607,0
3,7608,0
3,7609,0
3,7610,0
3,7611,0
3,7612,0
3,7613,0
3,7614,100
3,7615,100
3,7616,100
3,7617,100
3,7618,100
3,7619,100
3,7620,100
3,7621,0
3,7622,0
3,7623,0
3,7624,0
3,7625,0
3,7626,0
3,7627,0
3,7628,0
3,7629,0
3,7630,0
3,7631,0
3,7632,0
3,7633,0
3,7634,0
3,7635,0
3,7636,0
3,7637,0
3,7638,100
3,7639,100
3,7640,100
3,7641,100
3,7642,0
3,7643,0
3,7644,0
3,7645,0
3,7646,0
3,7647,0
3,7648,0
3,7649,0
3,7650,0
3,7651,0
3,7652,0
3,7653,0
3,7654,0
3,7655,100
3,7656,100
3,7657,100
3,7658,100
3,7659,0
3,7660,0
3,7661,0
3,7662,0
3,7663,0
3,7664,0
3,7665,0
3,7666,0
3,7667,0
3,7668,0
3,7669,0
3,7670,0
3,7671,0
3,7672,0
3,7673,0
3,7674,100
3,7675,100
3,7676,100
3,7677,100
3,7678,0
3,7679,0
3,7680,0
3,7681,0
3,7682,0
3,7683,0
3,7684,0
3,7685,0
3,7686,0
3,7687,0
3,7688,0
3,7689,0
3,7690,100
3,7691,100
3,7692,100
3,7693,100
3,7694,0
3,7695,0
3,7696,0
3,7697,0
3,7698,0
3,7699,0
3,7700,0
3,7701,0
3,7702,0
3,7703,0
3,7704,0
3,7705,0
3,7706,0
3,7707,100
3,7708,100
3,7709,100
3,7710,0
3,7711,0
3,7712,0
3,7713,0
3,7714,0
3,7715,0
3,7716,0
3,7717,0
3,7718,0
3,7719,0
3,7720,0
3,7721,0
3,7722,0
3,7723,100
3,7724,100
3,7725,100
3,7726,0
3,7727,0
3,7728,0
3,7729,0
3,7730,0
3,7731,0
3,7732,0
3,7733,0
3,7734,0
3,7735,0
3,7736,0
3,7737,0
3,7738,100
3,7739,100
3,7740,100
3,7741,0
3,7742,0
3,7743,0
3,7744,0
3,7745,0
3,7746,0
3,7747,0
3,7748,0
3,7749,0
3,7750,0
3,7751,0
3,7752,0
3,7753,0
3,7754,100
3,7755,100
3,7756,100
3,7757,0
3,7758,0
3,7759,0
3,7760,0
3,7761,0
3,7762,0
3,7763,0
3,7764,0
3,7765,0
3,7766,0
3,7767,0
3,7768,0
3,7769,0
3,7770,0
3,7771,100
3,7772,100
3,7773,100
3,7774,0
3,7775,0
3,7776,0
3,7777,0
3,7778,0
3,7779,0
3,7780,0
3,7781,0
3,7782,0
3,7783,0
3,7784,0
3,7785,0
3,7786,100
3,7787,100
3,7788,100
3,7789,0
3,7790,0
3,7791,0
3,7792,0
3,7793,0
3,7794,0
3,7795,0
3,7796,0
3,7797,0
3,7798,0
3,7799,0
3,7800,0
3,7801,100
3,7802,100
3,7803,100
3,7804,0
3,7805,0
3,7806,0
3,7807,0
3,7808,0
3,7809,0
3,7810,0
3,7811,0
3,7812,0
3,7813,0
3,7814,0
3,7815,0
3,7816,100
3,7817,100
3,7818,100
3,7819,100
3,7820,0
3,7821,0
3,7822,0
3,7823,0
3,7824,0
3,7825,0
3,7826,0
3,7827,0
3,7828,0
3,7829,0
3,7830,0
3,7831,100
3,7832,100
3,7833,100
3,7834,100
3,7835,0
3,7836,0
3,7837,0
3,7838,0
3,7839,0
3,7840,0
3,7841,0
3,7842,0
3,7843,0
3,7844,0
3,7845,0
3,7846,0
3,7847,100
3,7848,100
3,7849,100
3,7850,0
3,7851,0
3,7852,0
3,7853,0
3,7854,0
3,7855,0
3,7856,0
3,7857,0
3,7858,0
3,7859,0
3,7860,0
3,7861,0
3,7862,100
3,7863,100
3,7864,100
3,7865,0
3,7866,0
3,7867,0
3,7868,0
3,7869,0
3,7870,0
3,7871,0
3,7872,0
3,7873,0
3,7874,0
3,7875,0
3,7876,0
3,7877,100
3,7878,100
3,7879,100
3,7880,0
3,7881,0
3,7882,0
3,7883,0
3,7884,0
3,7885,0
3,7886,0
3,7887,0
3,7888,0
3,7889,0
3,7890,0
3,7891,0
3,7892,0
3,7893,0
3,7894,0
3,7895,0
3,7896,0
3,7897,0
3,7898,0
3,7899,0
3,7900,100
3,7901,100
3,7902,100
3,7903,100
3,7904,100
3,7905,100
3,7906,100
3,7907,100
3,7908,100
3,7909,100
3,7910,0
3,7911,0
3,7912,0
3,7913,0
3,7914,0
3,7915,0
3,7916,0
3,7917,0
3,7918,0
3,7919,0
3,7920,0
3,7921,0
3,7922,0
3,7923,0
3,7924,0
3,7925,0
3,7926,0
3,7927,0
3,7928,0
3,7929,0
3,7930,0
3,7931,0
3,7932,100
3,7933,100
3,7934,0
3,7935,0
3,7936,0
3,7937,0
3,7938,0
3,7939,0
3,7940,100
3,7941,100
3,7942,100
3,7943,100
3,7944,100
3,7945,100
3,7946,0
3,7947,0
3,7948,0
3,7949,0
3,7950,0
3,7951,0
3,7952,0
3,7953,0
3,7954,0
3,7955,0
3,7956,0
3,7957,0
3,7958,0
3,7959,0
3,7960,0
3,7961,0
3,7962,0
3,7963,0
3,7964,0
3,7965,100
3,7966,100
3,7967,100
3,7968,100
3,7969,100
3,7970,100
3,7971,100
3,7972,100
3,7973,100
3,7974,100
3,7975,100
3,7976,0
3,7977,0
3,7978,0
3,7979,0
3,7980,0
3,7981,0
3,7982,0
3,7983,0
3,7984,0
3,7985,0
3,7986,0
3,7987,0
3,7988,0
3,7989,0
3,7990,0
3,7991,0
3,7992,100
3,7993,100
3,7994,100
3,7995,100
3,7996,0
3,7997,0
3,7998,0
3,7999,0
3,8000,0
3,8001,0
3,8002,0
3,8003,0
3,8004,0
3,8005,0
3,8006,0
3,8007,0
3,8008,0
3,8009,0
3,8010,0
3,8011,0
3,8012,0
3,8013,0
3,8014,100
3,8015,100
3,8016,100
3,8017,0
3,8018,0
3,8019,0
3,8020,100
3,8021,100
3,8022,100
3,8023,0
3,8024,0
3,8025,0
3,8026,0
3,8027,0
3,8028,0
3,8029,0
3,8030,0
3,8031,0
3,8032,0
3,8033,0
3,8034,0
3,8035,0
3,8036,100
3,8037,100
3,8038,100
3,8039,0
3,8040,0
3,8041,0
3,8042,0
3,8043,0
3,8044,0
3,8045,0
3,8046,0
3,8047,0
3,8048,0
3,8049,0
3,8050,0
3,8051,0
3,8052,100
3,8053,100
3,8054,100
3,8055,100
3,8056,0
3,8057,0
3,8058,0
3,8059,0
3,8060,0
3,8061,0
3,8062,0
3,8063,0
3,8064,0
3,8065,0
3,8066,0
3,8067,0
3,8068,100
3,8069,100
3,8070,100
3,8071,100
3,8072,0
3,8073,0
3,8074,0
3,8075,0
3,8076,0
3,8077,0
3,8078,0
3,8079,0
3,8080,0
3,8081,0
3,8082,0
3,8083,0
3,8084,100
3,8085,100
3,8086,100
3,8087,100
3,8088,0
3,8089,0
3,8090,0
3,8091,0
3,8092,0
3,8093,0
3,8094,0
3,8095,0
3,8096,0
3,8097,0
3,8098,0
3,8099,0
3,8100,100
3,8101,100
3,8102,100
3,8103,100
3,8104,0
3,8105,0
3,8106,0
3,8107,0
3,8108,0
3,8109,0
3,8110,0
3,8111,0
3,8112,0
3,8113,0
3,8114,0
3,8115,100
3,8116,100
3,8117,100
3,8118,100
3,8119,0
3,8120,0
3,8121,0
3,8122,0
3,8123,0
3,8124,0
3,8125,0
3,8126,0
3,8127,0
3,8128,0
3,8129,0
3,8130,0
3,8131,100
3,8132,100
3,8133,100
3,8134,100
3,8135,0
3,8136,0
3,8137,0
3,8138,0
3,8139,0
3,8140,0
3,8141,0
3,8142,0
3,8143,0
3,8144,0
3,8145,0
3,8146,0
3,8147,0
3,8148,0
3,8149,100
3,8150,100
3,8151,100
3,8152,100
3,8153,0
3,8154,0
3,8155,0
3,8156,0
3,8157,0
3,8158,0
3,8159,0
3,8160,0
3,8161,0
3,8162,0
3,8163,0
3,8164,0
3,8165,100
3,8166,100
3,8167,100
3,8168,0
3,8169,0
3,8170,0
3,8171,0
3,8172,0
3,8173,0
3,8174,0
3,8175,0
3,8176,0
3,8177,0
3,8178,0
3,8179,0
3,8180,0
3,8181,0
3,8182,0
3,8183,0
3,8184,0
3,8185,0
3,8186,0
3,8187,0
3,8188,100
3,8189,100
3,8190,100
3,8191,100
3,8192,100
3,8193,100
3,8194,0
3,8195,100
3,8196,100
3,8197,100
3,8198,100
3,8199,0
3,8200,0
3,8201,0
3,8202,0
3,8203,0
3,8204,0
3,8205,0
3,8206,0
3,8207,0
3,8208,0
3,8209,0
3,8210,0
3,8211,0
3,8212,0
3,8213,100
3,8214,100
3,8215,100
3,8216,100
3,8217,100
3,8218,0
3,8219,0
3,8220,0
3,8221,0
3,8222,0
3,8223,0
3,8224,0
3,8225,0
3,8226,0
3,8227,0
3,8228,0
3,8229,0
3,8230,0
3,8231,0
3,8232,100
3,8233,100
3,8234,100
3,8235,100
3,8236,0
3,8237,0
3,8238,0
3,8239,0
3,8240,0
3,8241,0
3,8242,0
3,8243,0
3,8244,0
3,8245,0
3,8246,0
3,8247,0
3,8248,0
3,8249,0
3,8250,100
3,8251,100
3,8252,100
3,8253,100
3,8254,100
3,8255,0
3,8256,0
3,8257,0
3,8258,0
3,8259,0
3,8260,0
3,8261,0
3,8262,0
3,8263,0
3,8264,0
3,8265,0
3,8266,0
3,8267,0
3,8268,0
3,8269,0
3,8270,100
3,8271,100
3,8272,100
3,8273,0
3,8274,0
3,8275,0
3,8276,100
3,8277,100
3,8278,100
3,8279,100
3,8280,0
3,8281,0
3,8282,0
3,8283,0
3,8284,0
3,8285,0
3,8286,0
3,8287,0
3,8288,0
3,8289,0
3,8290,0
3,8291,0
3,8292,0
3,8293,0
3,8294,100
3,8295,100
3,8296,100
3,8297,100
3,8298,0
3,8299,0
3,8300,0
3,8301,0
3,8302,0
3,8303,0
3,8304,0
3,8305,0
3,8306,0
3,8307,0
3,8308,0
3,8309,0
3,8310,0
3,8311,100
3,8312,100
3,8313,100
3,8314,100
3,8315,0
3,8316,0
3,8317,0
3,8318,0
3,8319,0
3,8320,0
3,8321,0
3,8322,0
3,8323,0
3,8324,0
3,8325,0
3,8326,0
3,8327,0
3,8328,0
3,8329,100
3,8330,100
3,8331,100
3,8332,100
3,8333,0
3,8334,0
3,8335,0
3,8336,0
3,8337,0
3,8338,0
3,8339,0
3,8340,0
3,8341,0
3,8342,0
3,8343,0
3,8344,0
3,8345,0
3,8346,0
3,8347,0
3,8348,100
3,8349,100
3,8350,100
3,8351,100
3,8352,100
3,8353,100
3,8354,100
3,8355,0
3,8356,0
3,8357,0
3,8358,0
3,8359,0
3,8360,0
3,8361,0
3,8362,0
3,8363,0
3,8364,0
3,8365,100
3,8366,100
3,8367,100
3,8368,100
3,8369,100
3,8370,100
3,8371,100
3,8372,100
3,8373,0
3,8374,0
3,8375,0
3,8376,0
3,8377,0
3,8378,0
3,8379,0
3,8380,0
3,8381,0
3,8382,0
3,8383,0
3,8384,0
3,8385,0
3,8386,0
3,8387,0
3,8388,0
3,8389,100
3,8390,100
3,8391,100
3,8392,100
3,8393,0
3,8394,0
3,8395,0
3,8396,0
3,8397,0
3,8398,0
3,8399,0
3,8400,0
3,8401,0
3,8402,0
3,8403,0
3,8404,0
3,8405,0
3,8406,0
3,8407,0
3,8408,0
3,8409,0
3,8410,0
3,8411,0
3,8412,100
3,8413,100
3,8414,100
3,8415,0
3,8416,0
3,8417,0
3,8418,0
3,8419,0
3,8420,0
3,8421,0
3,8422,100
3,8423,100
3,8424,100
3,8425,100
3,8426,0
3,8427,0
3,8428,0
3,8429,0
3,8430,0
3,8431,0
3,8432,0
3,8433,0
3,8434,0
3,8435,0
3,8436,0
3,8437,0
3,8438,0
3,8439,0
3,8440,100
3,8441,100
3,8442,100
3,8443,100
3,8444,0
3,8445,0
3,8446,0
3,8447,0
3,8448,0
3,8449,0
3,8450,0
3,8451,0
3,8452,0
3,8453,0
3,8454,0
3,8455,0
3,8456,0
3,8457,0
3,8458,100
3,8459,100
3,8460,100
3,8461,100
3,8462,0
3,8463,0
3,8464,0
3,8465,0
3,8466,0
3,8467,0
3,8468,0
3,8469,0
3,8470,0
3,8471,0
3,8472,0
3,8473,0
3,8474,0
3,8475,0
3,8476,100
3,8477,100
3,8478,100
3,8479,100
3,8480,100
3,8481,100
3,8482,100
3,8483,0
3,8484,0
3,8485,0
3,8486,0
3,8487,0
3,8488,0
3,8489,0
3,8490,0
3,8491,0
3,8492,0
3,8493,0
3,8494,100
3,8495,100
3,8496,100
3,8497,100
3,8498,100
3,8499,100
3,8500,100
3,8501,0
3,8502,0
3,8503,0
3,8504,0
3,8505,0
3,8506,0
3,8507,0
3,8508,0
3,8509,0
3,8510,0
3,8511,0
3,8512,0
3,8513,0
3,8514,0
3,8515,100
3,8516,100
3,8517,100
3,8518,100
3,8519,0
3,8520,0
3,8521,0
3,8522,0
3,8523,0
3,8524,0
3,8525,0
3,8526,0
3,8527,0
3,8528,0
3,8529,0
3,8530,0
3,8531,0
3,8532,0
3,8533,0
3,8534,0
3,8535,0
3,8536,100
3,8537,100
3,8538,100
3,8539,100
3,8540,100
3,8541,0
3,8542,0
3,8543,0
3,8544,0
3,8545,0
3,8546,0
3,8547,0
3,8548,0
3,8549,0
3,8550,0
3,8551,0
3,8552,0
3,8553,0
3,8554,0
3,8555,0
3,8556,100
3,8557,100
3,8558,100
3,8559,100
3,8560,100
3,8561,100
3,8562,100
3,8563,0
3,8564,0
3,8565,0
3,8566,0
3,8567,0
3,8568,0
3,8569,0
3,8570,0
3,8571,0
3,8572,0
3,8573,0
3,8574,100
3,8575,100
3,8576,100
3,8577,100
3,8578,100
3,8579,100
3,8580,100
3,8581,100
3,8582,0
3,8583,0
3,8584,0
3,8585,0
3,8586,0
3,8587,0
3,8588,0
3,8589,0
3,8590,0
3,8591,0
3,8592,0
3,8593,0
3,8594,0
3,8595,0
3,8596,0
3,8597,100
3,8598,100
3,8599,100
3,8600,100
3,8601,0
3,8602,0
3,8603,0
3,8604,0
3,8605,0
3,8606,0
3,8607,0
3,8608,0
3,8609,0
3,8610,0
3,8611,0
3,8612,0
3,8613,0
3,8614,0
3,8615,0
3,8616,100
3,8617,100
3,8618,100
3,8619,100
3,8620,0
3,8621,0
3,8622,0
3,8623,0
3,8624,0
3,8625,0
3,8626,0
3,8627,0
3,8628,0
3,8629,0
3,8630,0
3,8631,0
3,8632,0
3,8633,0
3,8634,0
3,8635,100
3,8636,100
3,8637,100
3,8638,100
3,8639,100
3,8640,0
3,8641,100
3,8642,0
3,8643,0
3,8644,0
3,8645,0
3,8646,0
3,8647,0
3,8648,0
3,8649,0
3,8650,0
3,8651,0
3,8652,0
3,8653,0
3,8654,100
3,8655,100
3,8656,100
3,8657,0
3,8658,0
3,8659,0
3,8660,100
3,8661,100
3,8662,100
3,8663,100
3,8664,0
3,8665,0
3,8666,0
3,8667,0
3,8668,0
3,8669,0
3,8670,0
3,8671,0
3,8672,0
3,8673,0
3,8674,0
3,8675,0
3,8676,0
3,8677,0
3,8678,0
3,8679,0
3,8680,0
3,8681,0
3,8682,0
3,8683,0
3,8684,100
3,8685,100
3,8686,100
3,8687,100
3,8688,100
3,8689,100
3,8690,100
3,8691,0
3,8692,0
3,8693,0
3,8694,0
3,8695,0
3,8696,0
3,8697,0
3,8698,0
3,8699,0
3,8700,0
3,8701,100
3,8702,100
3,8703,100
3,8704,100
3,8705,100
3,8706,100
3,8707,100
3,8708,100
3,8709,0
3,8710,0
3,8711,0
3,8712,0
3,8713,0
3,8714,0
3,8715,0
3,8716,0
3,8717,0
3,8718,0
3,8719,0
3,8720,100
3,8721,100
3,8722,100
3,8723,100
3,8724,100
3,8725,100
3,8726,0
3,8727,0
3,8728,0
3,8729,0
3,8730,0
3,8731,0
3,8732,0
3,8733,0
3,8734,0
3,8735,0
3,8736,0
3,8737,0
3,8738,0
3,8739,100
3,8740,100
3,8741,100
3,8742,0
3,8743,0
3,8744,0
3,8745,0
3,8746,0
3,8747,0
3,8748,0
3,8749,0
3,8750,0
3,8751,0
3,8752,0
3,8753,0
3,8754,0
3,8755,100
3,8756,100
3,8757,100
3,8758,100
3,8759,0
3,8760,0
3,8761,0
3,8762,0
3,8763,0
3,8764,0
3,8765,0
3,8766,0
3,8767,0
3,8768,0
3,8769,0
3,8770,0
3,8771,0
3,8772,100
3,8773,100
3,8774,100
3,8775,100
3,8776,0
3,8777,0
3,8778,0
3,8779,0
3,8780,0
3,8781,0
3,8782,0
3,8783,0
3,8784,0
3,8785,0
3,8786,0
3,8787,0
3,8788,0
3,8789,0
3,8790,0
3,8791,100
3,8792,100
3,8793,100
3,8794,100
3,8795,0
3,8796,0
3,8797,0
3,8798,0
3,8799,0
3,8800,0
3,8801,0
3,8802,0
3,8803,0
3,8804,0
3,8805,0
3,8806,0
3,8807,100
3,8808,100
3,8809,100
3,8810,0
3,8811,0
3,8812,0
3,8813,0
3,8814,0
3,8815,0
3,8816,0
3,8817,0
3,8818,0
3,8819,0
3,8820,0
3,8821,0
3,8822,0
3,8823,100
3,8824,100
3,8825,100
3,8826,0
3,8827,0
3,8828,0
3,8829,0
3,8830,0
3,8831,0
3,8832,0
3,8833,0
3,8834,0
3,8835,0
3,8836,0
3,8837,0
3,8838,100
3,8839,100
3,8840,100
3,8841,100
3,8842,0
3,8843,0
3,8844,0
3,8845,0
3,8846,0
3,8847,0
3,8848,0
3,8849,0
3,8850,0
3,8851,0
3,8852,0
3,8853,0
3,8854,0
3,8855,0
3,8856,100
3,8857,100
3,8858,100
3,8859,100
3,8860,0
3,8861,0
3,8862,0
3,8863,0
3,8864,0
3,8865,0
3,8866,0
3,8867,0
3,8868,0
3,8869,0
3,8870,0
3,8871,0
3,8872,100
3,8873,100
3,8874,100
3,8875,100
3,8876,0
3,8877,0
3,8878,0
3,8879,0
3,8880,0
3,8881,0
3,8882,0
3,8883,0
3,8884,0
3,8885,0
3,8886,0
3,8887,0
3,8888,0
3,8889,100
3,8890,100
3,8891,100
3,8892,100
3,8893,0
3,8894,0
3,8895,0
3,8896,0
3,8897,0
3,8898,0
3,8899,0
3,8900,100
3,8901,100
3,8902,100
3,8903,100
3,8904,0
3,8905,0
3,8906,0
3,8907,0
3,8908,0
3,8909,0
3,8910,0
3,8911,0
3,8912,0
3,8913,0
3,8914,0
3,8915,0
3,8916,0
3,8917,0
3,8918,0
3,8919,0
3,8920,0
3,8921,0
3,8922,0
3,8923,0
3,8924,0
3,8925,0
3,8926,0
3,8927,0
3,8928,0
3,8929,0
3,8930,0
3,8931,0
3,8932,0
3,8933,0
3,8934,0
3,8935,0
3,8936,0
3,8937,0
3,8938,0
3,8939,0
3,8940,0
3,8941,0
3,8942,0
3,8943,0
3,8944,0
3,8945,0
3,8946,0
3,8947,0
3,8948,0
3,8949,0
3,8950,0
3,8951,0
3,8952,0
3,8953,0
3,8954,0
3,8955,0
3,8956,0
3,8957,0
3,8958,0
3,8959,0
3,8960,0
3,8961,0
3,8962,0
3,8963,0
3,8964,0
3,8965,0
3,8966,0
3,8967,0
3,8968,0
3,8969,0
3,8970,0
3,8971,0
3,8972,0
3,8973,0
3,8974,0
3,8975,0
3,8976,0
3,8977,0
3,8978,0
3,8979,0
3,8980,0
3,8981,0
3,8982,0
3,8983,0
3,8984,0
3,8985,0
3,8986,0
3,8987,0
3,8988,0
3,8989,0
3,8990,0
3,8991,0
3,8992,0
3,8993,0
3,8994,0
3,8995,0
3,8996,0
3,8997,0
3,8998,0
3,8999,0
3,9000,0
3,9001,0
3,9002,0
3,9003,0
3,9004,0
3,9005,0
3,9006,0
3,9007,0
3,9008,0
3,9009,0
3,9010,0
3,9011,0
3,9012,0
3,9013,0
3,9014,0
3,9015,0
3,9016,0
3,9017,0
3,9018,0
3,9019,0
3,9020,0
3,9021,0
3,9022,0
3,9023,0
3,9024,0
3,9025,0
3,9026,0
3,9027,100
3,9028,100
3,9029,100
3,9030,100
3,9031,100
3,9032,100
3,9033,100
3,9034,100
3,9035,100
3,9036,100
3,9037,100
3,9038,100
3,9039,100
3,9040,100
3,9041,100
3,9042,100
3,9043,100
3,9044,100
3,9045,100
3,9046,100
3,9047,100
3,9048,100
3,9049,100
3,9050,100
3,9051,100
3,9052,100
3,9053,100
3,9054,100
3,9055,100
3,9056,100
3,9057,100
3,9058,100
3,9059,100
3,9060,100
3,9061,100
3,9062,100
3,9063,100
3,9064,100
3,9065,100
3,9066,100
3,9067,100
3,9068,100
3,9069,100
3,9070,100
3,9071,100
3,9072,100
3,9073,100
3,9074,100
3,9075,100
3,9076,100
3,9077,100
3,9078,100
3,9079,100
3,9080,0
3,9081,0
3,9082,0
3,9083,0
3,9084,0
3,9085,0
3,9086,100
3,9087,100
3,9088,100
3,9089,100
3,9090,0
3,9091,0
3,9092,0
3,9093,0
3,9094,0
3,9095,0
3,9096,0
3,9097,0
3,9098,0
3,9099,0
3,9100,0
3,9101,0
3,9102,0
3,9103,0
3,9104,0
3,9105,0
3,9106,0
3,9107,0
3,9108,0
3,9109,0
3,9110,0
3,9111,0
3,9112,0
3,9113,0
3,9114,0
3,9115,0
3,9116,0
3,9117,0
3,9118,0
3,9119,0
3,9120,0
3,9121,0
3,9122,0
3,9123,0
3,9124,0
3,9125,0
3,9126,0
3,9127,0
3,9128,0
3,9129,0
3,9130,0
3,9131,0
3,9132,0
3,9133,0
3,9134,0
3,9135,0
3,9136,0
3,9137,0
3,9138,0
3,9139,0
3,9140,0
3,9141,0
3,9142,0
3,9143,0
3,9144,0
3,9145,0
3,9146,0
3,9147,0
3,9148,0
3,9149,0
3,9150,0
3,9151,0
3,9152,0
3,9153,0
3,9154,0
3,9155,0
3,9156,0
3,9157,0
3,9158,0
3,9159,0
3,9160,0
3,9161,0
3,9162,0
3,9163,0
3,9164,0
3,9165,0
3,9166,0
3,9167,0
3,9168,0
3,9169,0
3,9170,0
3,9171,0
3,9172,0
3,9173,0
3,9174,0
3,9175,0
3,9176,0
3,9177,0
3,9178,0
3,9179,0
3,9180,0
3,9181,0
3,9182,0
3,9183,0
3,9184,0
3,9185,0
3,9186,0
3,9187,0
3,9188,0
3,9189,0
3,9190,0
3,9191,0
3,9192,0
3,9193,0
3,9194,0
3,9195,0
3,9196,0
3,9197,0
3,9198,0
3,9199,0
3,9200,0
3,9201,0
3,9202,0
3,9203,0
3,9204,0
3,9205,0
3,9206,0
3,9207,0
3,9208,0
3,9209,0
3,9210,0
3,9211,0
3,9212,0
3,9213,0
3,9214,0
3,9215,0
3,9216,0
3,9217,100
3,9218,0
3,9219,0
3,9220,0
3,9221,0
3,9222,0
3,9223,0
3,9224,0
3,9225,0
3,9226,0
3,9227,0
3,9228,0
3,9229,0
3,9230,0
3,9231,0
3,9232,0
3,9233,0
3,9234,0
3,9235,0
3,9236,0
3,9237,0
3,9238,0
3,9239,0
3,9240,100
3,9241,100
3,9242,100
3,9243,100
3,9244,100
3,9245,100
3,9246,100
3,9247,100
3,9248,100
3,9249,100
3,9250,100
3,9251,100
3,9252,100
3,9253,100
3,9254,100
3,9255,100
3,9256,100
3,9257,100
3,9258,100
3,9259,100
3,9260,100
3,9261,100
3,9262,100
3,9263,100
3,9264,100
3,9265,100
3,9266,100
3,9267,100
3,9268,100
3,9269,100
3,9270,100
3,9271,100
3,9272,100
3,9273,0
3,9274,0
3,9275,0
3,9276,0
3,9277,0
3,9278,0
3,9279,0
3,9280,0
3,9281,0
3,9282,0
3,9283,0
3,9284,0
3,9285,0
3,9286,0
3,9287,0
3,9288,0
3,9289,0
3,9290,0
3,9291,0
3,9292,0
3,9293,0
3,9294,0
3,9295,0
3,9296,0
3,9297,0
3,9298,0
3,9299,0
3,9300,0
3,9301,0
3,9302,0
3,9303,0
3,9304,0
3,9305,0
3,9306,0
3,9307,0
3,9308,0
3,9309,0
3,9310,0
3,9311,0
3,9312,100
3,9313,100
3,9314,100
3,9315,100
3,9316,100
3,9317,100
3,9318,0
3,9319,0
3,9320,0
3,9321,0
3,9322,0
3,9323,0
3,9324,0
3,9325,0
3,9326,0
3,9327,0
3,9328,100
3,9329,100
3,9330,100
3,9331,100
3,9332,100
3,9333,100
3,9334,100
3,9335,100
3,9336,100
3,9337,100
3,9338,100
3,9339,100
3,9340,0
3,9341,0
3,9342,0
3,9343,100
3,9344,100
3,9345,100
3,9346,100
3,9347,100
3,9348,100
3,9349,100
3,9350,100
3,9351,100
3,9352,0
3,9353,0
3,9354,0
3,9355,0
3,9356,0
3,9357,0
3,9358,0
3,9359,100
3,9360,100
3,9361,100
3,9362,100
3,9363,100
3,9364,100
3,9365,100
3,9366,100
3,9367,0
3,9368,0
3,9369,0
3,9370,0
3,9371,0
3,9372,0
3,9373,0
3,9374,0
3,9375,100
3,9376,100
3,9377,100
3,9378,100
3,9379,100
3,9380,100
3,9381,100
3,9382,0
3,9383,0
3,9384,0
3,9385,0
3,9386,0
3,9387,0
3,9388,0
3,9389,0
3,9390,0
3,9391,100
3,9392,100
3,9393,100
3,9394,100
3,9395,100
3,9396,100
3,9397,100
3,9398,100
3,9399,100
3,9400,100
3,9401,0
3,9402,0
3,9403,0
3,9404,0
3,9405,0
3,9406,0
3,9407,0
3,9408,0
3,9409,0
3,9410,0
3,9411,0
3,9412,0
3,9413,0
3,9414,0
3,9415,0
3,9416,0
3,9417,0
3,9418,0
3,9419,0
3,9420,0
3,9421,0
3,9422,0
3,9423,0
3,9424,0
3,9425,0
3,9426,0
3,9427,0
3,9428,0
3,9429,0
3,9430,0
3,9431,0
3,9432,0
3,9433,0
3,9434,0
3,9435,100
3,9436,100
3,9437,100
3,9438,100
3,9439,0
3,9440,0
3,9441,0
3,9442,0
3,9443,0
3,9444,100
3,9445,100
3,9446,100
3,9447,100
3,9448,100
3,9449,100
3,9450,100
3,9451,100
3,9452,100
3,9453,100
3,9454,100
3,9455,100
3,9456,100
3,9457,100
3,9458,100
3,9459,100
3,9460,100
3,9461,100
3,9462,100
3,9463,100
3,9464,100
3,9465,0
3,9466,0
3,9467,0
3,9468,0
3,9469,0
3,9470,0
3,9471,0
3,9472,100
3,9473,100
3,9474,100
3,9475,100
3,9476,100
3,9477,100
3,9478,0
3,9479,0
3,9480,0
3,9481,0
3,9482,0
3,9483,100
3,9484,100
3,9485,100
3,9486,100
3,9487,0
3,9488,0
3,9489,0
3,9490,0
3,9491,0
3,9492,0
3,9493,0
3,9494,100
3,9495,100
3,9496,100
3,9497,100
3,9498,100
3,9499,100
3,9500,100
3,9501,100
3,9502,100
3,9503,100
3,9504,100
3,9505,100
3,9506,100
3,9507,100
3,9508,100
3,9509,100
3,9510,0
3,9511,0
3,9512,0
3,9513,0
3,9514,0
3,9515,0
3,9516,0
3,9517,0
3,9518,0
3,9519,0
3,9520,0
3,9521,0
3,9522,0
3,9523,0
3,9524,0
3,9525,0
3,9526,0
3,9527,0
3,9528,0
3,9529,0
3,9530,0
3,9531,0
3,9532,0
3,9533,0
3,9534,0
3,9535,100
3,9536,100
3,9537,0
3,9538,0
3,9539,0
3,9540,0
3,9541,0
3,9542,0
3,9543,0
3,9544,0
3,9545,0
3,9546,0
3,9547,100
3,9548,100
3,9549,100
3,9550,0
3,9551,0
3,9552,0
3,9553,0
3,9554,0
3,9555,0
3,9556,0
3,9557,0
3,9558,0
3,9559,0
3,9560,0
3,9561,0
3,9562,0
3,9563,0
3,9564,0
3,9565,0
3,9566,0
3,9567,0
3,9568,0
3,9569,0
3,9570,0
3,9571,0
3,9572,0
3,9573,0
3,9574,0
3,9575,0
3,9576,0
3,9577,0
3,9578,100
3,9579,100
3,9580,100
3,9581,100
3,9582,100
3,9583,0
3,9584,0
3,9585,0
3,9586,0
3,9587,0
3,9588,0
3,9589,0
3,9590,0
3,9591,0
3,9592,0
3,9593,0
3,9594,100
3,9595,100
3,9596,100
3,9597,100
3,9598,100
3,9599,0
3,9600,0
3,9601,0
3,9602,0
3,9603,0
3,9604,0
3,9605,0
3,9606,0
3,9607,0
3,9608,0
3,9609,100
3,9610,100
3,9611,100
3,9612,100
3,9613,100
3,9614,100
3,9615,100
3,9616,0
3,9617,0
3,9618,0
3,9619,0
3,9620,0
3,9621,0
3,9622,0
3,9623,0
3,9624,0
3,9625,0
3,9626,0
3,9627,0
3,9628,0
3,9629,0
3,9630,0
3,9631,0
3,9632,0
3,9633,0
3,9634,0
3,9635,0
3,9636,0
3,9637,0
3,9638,0
3,9639,0
3,9640,0
3,9641,0
3,9642,0
3,9643,0
3,9644,0
3,9645,0
3,9646,0
3,9647,0
3,9648,0
3,9649,0
3,9650,0
3,9651,0
3,9652,0
3,9653,0
3,9654,0
3,9655,0
3,9656,0
3,9657,0
3,9658,0
3,9659,100
3,9660,100
3,9661,100
3,9662,0
3,9663,0
3,9664,0
3,9665,0
3,9666,0
3,9667,0
3,9668,100
3,9669,100
3,9670,100
3,9671,100
3,9672,100
3,9673,100
3,9674,100
3,9675,100
3,9676,100
3,9677,100
3,9678,100
3,9679,100
3,9680,100
3,9681,100
3,9682,100
3,9683,100
3,9684,100
3,9685,100
3,9686,100
3,9687,100
3,9688,0
3,9689,0
3,9690,0
3,9691,0
3,9692,0
3,9693,0
3,9694,0
3,9695,0
3,9696,0
3,9697,0
3,9698,0
3,9699,0
3,9700,0
3,9701,0
3,9702,0
3,9703,0
3,9704,0
3,9705,0
3,9706,0
3,9707,0
3,9708,0
3,9709,0
3,9710,0
3,9711,0
3,9712,0
3,9713,0
3,9714,0
3,9715,0
3,9716,0
3,9717,0
3,9718,0
3,9719,0
3,9720,0
3,9721,0
3,9722,0
3,9723,0
3,9724,0
3,9725,0
3,9726,0
3,9727,0
3,9728,0
3,9729,0
3,9730,0
3,9731,0
3,9732,0
3,9733,0
3,9734,0
3,9735,0
3,9736,0
3,9737,0
3,9738,0
3,9739,0
3,9740,0
3,9741,0
3,9742,0
3,9743,0
3,9744,0
3,9745,0
3,9746,0
3,9747,0
3,9748,0
3,9749,0
3,9750,0
3,9751,0
3,9752,0
3,9753,0
3,9754,0
3,9755,0
3,9756,0
3,9757,0
3,9758,0
3,9759,0
3,9760,0
3,9761,0
3,9762,0
3,9763,0
3,9764,0
3,9765,0
3,9766,0
3,9767,0
3,9768,100
3,9769,100
3,9770,100
3,9771,100
3,9772,100
3,9773,100
3,9774,100
3,9775,100
3,9776,100
3,9777,100
3,9778,0
3,9779,100
3,9780,100
3,9781,100
3,9782,100
3,9783,100
3,9784,100
3,9785,100
3,9786,100
3,9787,100
3,9788,100
3,9789,100
3,9790,100
3,9791,0
3,9792,0
3,9793,100
3,9794,100
3,9795,100
3,9796,100
3,9797,100
3,9798,100
3,9799,0
3,9800,0
3,9801,0
3,9802,0
3,9803,0
3,9804,0
3,9805,0
3,9806,0
3,9807,0
3,9808,0
3,9809,0
3,9810,100
3,9811,0
3,9812,0
3,9813,0
3,9814,0
3,9815,0
3,9816,0
3,9817,0
3,9818,0
3,9819,0
3,9820,0
3,9821,0
3,9822,0
3,9823,0
3,9824,0
3,9825,0
3,9826,0
3,9827,0
3,9828,0
3,9829,0
3,9830,0
3,9831,0
3,9832,0
3,9833,0
3,9834,0
3,9835,0
3,9836,0
3,9837,0
3,9838,0
3,9839,0
3,9840,0
3,9841,0
3,9842,0
3,9843,0
3,9844,0
3,9845,0
3,9846,0
3,9847,0
3,9848,0
3,9849,0
3,9850,0
3,9851,0
3,9852,0
3,9853,0
3,9854,0
3,9855,0
3,9856,0
3,9857,0
3,9858,0
3,9859,0
3,9860,0
3,9861,0
3,9862,0
3,9863,0
3,9864,0
3,9865,0
3,9866,0
3,9867,0
3,9868,0
3,9869,0
3,9870,0
3,9871,0
3,9872,0
3,9873,0
3,9874,0
3,9875,0
3,9876,0
3,9877,0
3,9878,0
3,9879,0
3,9880,0
3,9881,0
3,9882,0
3,9883,0
3,9884,0
3,9885,0
3,9886,0
3,9887,0
3,9888,0
3,9889,0
3,9890,0
3,9891,0
3,9892,0
3,9893,0
3,9894,0
3,9895,0
3,9896,0
3,9897,0
3,9898,0
3,9899,0
3,9900,0
3,9901,0
3,9902,0
3,9903,0
3,9904,0
3,9905,0
3,9906,0
3,9907,0
3,9908,0
3,9909,0
3,9910,0
3,9911,0
3,9912,0
3,9913,0
3,9914,0
3,9915,0
3,9916,0
3,9917,0
3,9918,0
3,9919,100
3,9920,100
3,9921,0
3,9922,0
3,9923,0
3,9924,0
3,9925,0
3,9926,0
3,9927,0
3,9928,0
3,9929,0
3,9930,0
3,9931,0
3,9932,0
3,9933,0
3,9934,0
3,9935,0
3,9936,0
3,9937,0
3,9938,0
3,9939,0
3,9940,0
3,9941,0
3,9942,0
3,9943,0
3,9944,0
3,9945,0
3,9946,0
3,9947,0
3,9948,100
3,9949,100
3,9950,100
3,9951,100
3,9952,100
3,9953,100
3,9954,100
3,9955,100
3,9956,100
3,9957,100
3,9958,100
3,9959,100
3,9960,0
3,9961,0
3,9962,0
3,9963,0
3,9964,0
3,9965,0
3,9966,0
3,9967,0
3,9968,0
3,9969,0
3,9970,0
3,9971,0
3,9972,0
3,9973,0
3,9974,0
3,9975,0
3,9976,0
3,9977,0
3,9978,0
3,9979,0
3,9980,0
3,9981,100
3,9982,100
3,9983,100
3,9984,100
3,9985,100
3,9986,100
3,9987,100
3,9988,100
3,9989,100
3,9990,100
3,9991,0
3,9992,0
3,9993,0
3,9994,0
3,9995,0
3,9996,0
3,9997,0
3,9998,0
3,9999,0
3,10000,0
