runId,volume,observation,elapsedNs,current,best,functionalResult
2,10000,1,681400,10000,10000,PASS
2,10000,2,693900,10000,10000,PASS
2,10000,3,629600,10000,10000,PASS
2,10000,4,633900,10000,10000,PASS
2,10000,5,629400,10000,10000,PASS
2,10000,6,628000,10000,10000,PASS
2,10000,7,702100,10000,10000,PASS
2,10000,8,662600,10000,10000,PASS
2,10000,9,638300,10000,10000,PASS
2,10000,10,649500,10000,10000,PASS
2,10000,11,644600,10000,10000,PASS
2,10000,12,664900,10000,10000,PASS
2,10000,13,631500,10000,10000,PASS
2,10000,14,621900,10000,10000,PASS
2,10000,15,619500,10000,10000,PASS
2,10000,16,626000,10000,10000,PASS
2,10000,17,659700,10000,10000,PASS
2,10000,18,636500,10000,10000,PASS
2,10000,19,752100,10000,10000,PASS
2,10000,20,788900,10000,10000,PASS
2,10000,21,627400,10000,10000,PASS
2,10000,22,633000,10000,10000,PASS
2,10000,23,624400,10000,10000,PASS
2,10000,24,626000,10000,10000,PASS
2,10000,25,627500,10000,10000,PASS
2,10000,26,625700,10000,10000,PASS
2,10000,27,618200,10000,10000,PASS
2,10000,28,633100,10000,10000,PASS
2,10000,29,616400,10000,10000,PASS
2,10000,30,615500,10000,10000,PASS
2,10000,31,656900,10000,10000,PASS
2,10000,32,618000,10000,10000,PASS
2,10000,33,638700,10000,10000,PASS
2,10000,34,628100,10000,10000,PASS
2,10000,35,629800,10000,10000,PASS
2,10000,36,617800,10000,10000,PASS
2,10000,37,626800,10000,10000,PASS
2,10000,38,631800,10000,10000,PASS
2,10000,39,620000,10000,10000,PASS
2,10000,40,687400,10000,10000,PASS
2,10000,41,625500,10000,10000,PASS
2,10000,42,634200,10000,10000,PASS
2,10000,43,626800,10000,10000,PASS
2,10000,44,862000,10000,10000,PASS
2,10000,45,649200,10000,10000,PASS
2,10000,46,625800,10000,10000,PASS
2,10000,47,617000,10000,10000,PASS
2,10000,48,633400,10000,10000,PASS
2,10000,49,622700,10000,10000,PASS
2,10000,50,616500,10000,10000,PASS
2,10000,51,631600,10000,10000,PASS
2,10000,52,624700,10000,10000,PASS
2,10000,53,636200,10000,10000,PASS
2,10000,54,630400,10000,10000,PASS
2,10000,55,646900,10000,10000,PASS
2,10000,56,626000,10000,10000,PASS
2,10000,57,626200,10000,10000,PASS
2,10000,58,627800,10000,10000,PASS
2,10000,59,615700,10000,10000,PASS
2,10000,60,614300,10000,10000,PASS
2,10000,61,623700,10000,10000,PASS
2,10000,62,616200,10000,10000,PASS
2,10000,63,616900,10000,10000,PASS
2,10000,64,626900,10000,10000,PASS
2,10000,65,623400,10000,10000,PASS
2,10000,66,618100,10000,10000,PASS
2,10000,67,627500,10000,10000,PASS
2,10000,68,625600,10000,10000,PASS
2,10000,69,781500,10000,10000,PASS
2,10000,70,628500,10000,10000,PASS
2,10000,71,620900,10000,10000,PASS
2,10000,72,702100,10000,10000,PASS
2,10000,73,620600,10000,10000,PASS
2,10000,74,620800,10000,10000,PASS
2,10000,75,627000,10000,10000,PASS
2,10000,76,617400,10000,10000,PASS
2,10000,77,617900,10000,10000,PASS
2,10000,78,618000,10000,10000,PASS
2,10000,79,630500,10000,10000,PASS
2,10000,80,624700,10000,10000,PASS
2,10000,81,623400,10000,10000,PASS
2,10000,82,629900,10000,10000,PASS
2,10000,83,653100,10000,10000,PASS
2,10000,84,646600,10000,10000,PASS
2,10000,85,661800,10000,10000,PASS
2,10000,86,619300,10000,10000,PASS
2,10000,87,625400,10000,10000,PASS
2,10000,88,632300,10000,10000,PASS
2,10000,89,615400,10000,10000,PASS
2,10000,90,618800,10000,10000,PASS
2,10000,91,626100,10000,10000,PASS
2,10000,92,621000,10000,10000,PASS
2,10000,93,619800,10000,10000,PASS
2,10000,94,1157200,10000,10000,PASS
2,10000,95,649100,10000,10000,PASS
2,10000,96,997400,10000,10000,PASS
2,10000,97,1075600,10000,10000,PASS
2,10000,98,1090200,10000,10000,PASS
2,10000,99,1152000,10000,10000,PASS
2,10000,100,1259500,10000,10000,PASS
2,5000,1,727500,5000,5000,PASS
2,5000,2,616500,5000,5000,PASS
2,5000,3,536400,5000,5000,PASS
2,5000,4,528800,5000,5000,PASS
2,5000,5,514000,5000,5000,PASS
2,5000,6,563400,5000,5000,PASS
2,5000,7,522500,5000,5000,PASS
2,5000,8,530800,5000,5000,PASS
2,5000,9,522400,5000,5000,PASS
2,5000,10,535500,5000,5000,PASS
2,5000,11,569100,5000,5000,PASS
2,5000,12,545400,5000,5000,PASS
2,5000,13,629400,5000,5000,PASS
2,5000,14,626300,5000,5000,PASS
2,5000,15,669000,5000,5000,PASS
2,5000,16,1233000,5000,5000,PASS
2,5000,17,496100,5000,5000,PASS
2,5000,18,531600,5000,5000,PASS
2,5000,19,515800,5000,5000,PASS
2,5000,20,518300,5000,5000,PASS
2,5000,21,553700,5000,5000,PASS
2,5000,22,530200,5000,5000,PASS
2,5000,23,565400,5000,5000,PASS
2,5000,24,554600,5000,5000,PASS
2,5000,25,596000,5000,5000,PASS
2,5000,26,609600,5000,5000,PASS
2,5000,27,655700,5000,5000,PASS
2,5000,28,699800,5000,5000,PASS
2,5000,29,505200,5000,5000,PASS
2,5000,30,544400,5000,5000,PASS
2,5000,31,508600,5000,5000,PASS
2,5000,32,522000,5000,5000,PASS
2,5000,33,3756000,5000,5000,PASS
2,5000,34,308500,5000,5000,PASS
2,5000,35,306700,5000,5000,PASS
2,5000,36,307100,5000,5000,PASS
2,5000,37,308100,5000,5000,PASS
2,5000,38,316400,5000,5000,PASS
2,5000,39,311600,5000,5000,PASS
2,5000,40,355100,5000,5000,PASS
2,5000,41,320200,5000,5000,PASS
2,5000,42,314100,5000,5000,PASS
2,5000,43,312200,5000,5000,PASS
2,5000,44,318900,5000,5000,PASS
2,5000,45,316900,5000,5000,PASS
2,5000,46,310000,5000,5000,PASS
2,5000,47,313300,5000,5000,PASS
2,5000,48,312600,5000,5000,PASS
2,5000,49,315100,5000,5000,PASS
2,5000,50,334200,5000,5000,PASS
2,5000,51,317600,5000,5000,PASS
2,5000,52,313400,5000,5000,PASS
2,5000,53,315000,5000,5000,PASS
2,5000,54,312200,5000,5000,PASS
2,5000,55,311500,5000,5000,PASS
2,5000,56,311100,5000,5000,PASS
2,5000,57,318400,5000,5000,PASS
2,5000,58,310600,5000,5000,PASS
2,5000,59,314100,5000,5000,PASS
2,5000,60,312500,5000,5000,PASS
2,5000,61,313900,5000,5000,PASS
2,5000,62,317400,5000,5000,PASS
2,5000,63,323500,5000,5000,PASS
2,5000,64,316300,5000,5000,PASS
2,5000,65,313900,5000,5000,PASS
2,5000,66,312600,5000,5000,PASS
2,5000,67,314100,5000,5000,PASS
2,5000,68,309900,5000,5000,PASS
2,5000,69,318400,5000,5000,PASS
2,5000,70,315400,5000,5000,PASS
2,5000,71,310300,5000,5000,PASS
2,5000,72,313400,5000,5000,PASS
2,5000,73,310200,5000,5000,PASS
2,5000,74,313400,5000,5000,PASS
2,5000,75,314000,5000,5000,PASS
2,5000,76,319700,5000,5000,PASS
2,5000,77,314900,5000,5000,PASS
2,5000,78,316200,5000,5000,PASS
2,5000,79,314300,5000,5000,PASS
2,5000,80,311700,5000,5000,PASS
2,5000,81,315700,5000,5000,PASS
2,5000,82,321300,5000,5000,PASS
2,5000,83,310000,5000,5000,PASS
2,5000,84,311400,5000,5000,PASS
2,5000,85,310000,5000,5000,PASS
2,5000,86,313100,5000,5000,PASS
2,5000,87,311400,5000,5000,PASS
2,5000,88,659200,5000,5000,PASS
2,5000,89,315500,5000,5000,PASS
2,5000,90,314200,5000,5000,PASS
2,5000,91,317000,5000,5000,PASS
2,5000,92,316300,5000,5000,PASS
2,5000,93,319100,5000,5000,PASS
2,5000,94,320900,5000,5000,PASS
2,5000,95,314300,5000,5000,PASS
2,5000,96,314600,5000,5000,PASS
2,5000,97,314000,5000,5000,PASS
2,5000,98,350700,5000,5000,PASS
2,5000,99,390700,5000,5000,PASS
2,5000,100,330500,5000,5000,PASS
2,2500,1,159900,2500,2500,PASS
2,2500,2,152700,2500,2500,PASS
2,2500,3,151000,2500,2500,PASS
2,2500,4,150400,2500,2500,PASS
2,2500,5,151300,2500,2500,PASS
2,2500,6,151100,2500,2500,PASS
2,2500,7,154100,2500,2500,PASS
2,2500,8,151300,2500,2500,PASS
2,2500,9,152000,2500,2500,PASS
2,2500,10,150300,2500,2500,PASS
2,2500,11,152300,2500,2500,PASS
2,2500,12,150700,2500,2500,PASS
2,2500,13,160000,2500,2500,PASS
2,2500,14,149900,2500,2500,PASS
2,2500,15,156300,2500,2500,PASS
2,2500,16,150500,2500,2500,PASS
2,2500,17,151900,2500,2500,PASS
2,2500,18,150600,2500,2500,PASS
2,2500,19,153100,2500,2500,PASS
2,2500,20,150700,2500,2500,PASS
2,2500,21,151700,2500,2500,PASS
2,2500,22,150400,2500,2500,PASS
2,2500,23,152700,2500,2500,PASS
2,2500,24,150800,2500,2500,PASS
2,2500,25,154600,2500,2500,PASS
2,2500,26,156900,2500,2500,PASS
2,2500,27,155100,2500,2500,PASS
2,2500,28,150800,2500,2500,PASS
2,2500,29,153500,2500,2500,PASS
2,2500,30,149900,2500,2500,PASS
2,2500,31,151600,2500,2500,PASS
2,2500,32,150200,2500,2500,PASS
2,2500,33,150700,2500,2500,PASS
2,2500,34,150700,2500,2500,PASS
2,2500,35,150500,2500,2500,PASS
2,2500,36,150700,2500,2500,PASS
2,2500,37,151300,2500,2500,PASS
2,2500,38,150400,2500,2500,PASS
2,2500,39,159300,2500,2500,PASS
2,2500,40,150400,2500,2500,PASS
2,2500,41,152800,2500,2500,PASS
2,2500,42,150500,2500,2500,PASS
2,2500,43,153500,2500,2500,PASS
2,2500,44,151600,2500,2500,PASS
2,2500,45,153500,2500,2500,PASS
2,2500,46,150800,2500,2500,PASS
2,2500,47,151000,2500,2500,PASS
2,2500,48,151200,2500,2500,PASS
2,2500,49,150400,2500,2500,PASS
2,2500,50,151400,2500,2500,PASS
2,2500,51,150700,2500,2500,PASS
2,2500,52,155900,2500,2500,PASS
2,2500,53,150700,2500,2500,PASS
2,2500,54,152100,2500,2500,PASS
2,2500,55,149800,2500,2500,PASS
2,2500,56,151000,2500,2500,PASS
2,2500,57,153500,2500,2500,PASS
2,2500,58,153200,2500,2500,PASS
2,2500,59,150700,2500,2500,PASS
2,2500,60,151900,2500,2500,PASS
2,2500,61,150200,2500,2500,PASS
2,2500,62,152800,2500,2500,PASS
2,2500,63,149700,2500,2500,PASS
2,2500,64,151500,2500,2500,PASS
2,2500,65,155800,2500,2500,PASS
2,2500,66,151900,2500,2500,PASS
2,2500,67,149300,2500,2500,PASS
2,2500,68,153700,2500,2500,PASS
2,2500,69,151800,2500,2500,PASS
2,2500,70,153300,2500,2500,PASS
2,2500,71,150400,2500,2500,PASS
2,2500,72,152500,2500,2500,PASS
2,2500,73,151700,2500,2500,PASS
2,2500,74,153800,2500,2500,PASS
2,2500,75,196600,2500,2500,PASS
2,2500,76,162000,2500,2500,PASS
2,2500,77,155500,2500,2500,PASS
2,2500,78,161600,2500,2500,PASS
2,2500,79,154300,2500,2500,PASS
2,2500,80,152800,2500,2500,PASS
2,2500,81,154300,2500,2500,PASS
2,2500,82,154100,2500,2500,PASS
2,2500,83,155900,2500,2500,PASS
2,2500,84,156500,2500,2500,PASS
2,2500,85,155400,2500,2500,PASS
2,2500,86,155100,2500,2500,PASS
2,2500,87,154100,2500,2500,PASS
2,2500,88,177400,2500,2500,PASS
2,2500,89,154100,2500,2500,PASS
2,2500,90,163400,2500,2500,PASS
2,2500,91,153900,2500,2500,PASS
2,2500,92,157500,2500,2500,PASS
2,2500,93,154100,2500,2500,PASS
2,2500,94,156400,2500,2500,PASS
2,2500,95,155500,2500,2500,PASS
2,2500,96,152500,2500,2500,PASS
2,2500,97,177000,2500,2500,PASS
2,2500,98,154700,2500,2500,PASS
2,2500,99,154700,2500,2500,PASS
2,2500,100,153300,2500,2500,PASS
2,1000,1,65300,1000,1000,PASS
2,1000,2,66800,1000,1000,PASS
2,1000,3,64600,1000,1000,PASS
2,1000,4,62900,1000,1000,PASS
2,1000,5,62800,1000,1000,PASS
2,1000,6,63100,1000,1000,PASS
2,1000,7,64400,1000,1000,PASS
2,1000,8,62200,1000,1000,PASS
2,1000,9,62200,1000,1000,PASS
2,1000,10,63700,1000,1000,PASS
2,1000,11,62800,1000,1000,PASS
2,1000,12,65200,1000,1000,PASS
2,1000,13,62800,1000,1000,PASS
2,1000,14,65200,1000,1000,PASS
2,1000,15,63000,1000,1000,PASS
2,1000,16,62600,1000,1000,PASS
2,1000,17,63700,1000,1000,PASS
2,1000,18,62800,1000,1000,PASS
2,1000,19,63000,1000,1000,PASS
2,1000,20,63300,1000,1000,PASS
2,1000,21,62900,1000,1000,PASS
2,1000,22,63500,1000,1000,PASS
2,1000,23,62700,1000,1000,PASS
2,1000,24,63000,1000,1000,PASS
2,1000,25,62700,1000,1000,PASS
2,1000,26,64400,1000,1000,PASS
2,1000,27,62800,1000,1000,PASS
2,1000,28,63500,1000,1000,PASS
2,1000,29,65600,1000,1000,PASS
2,1000,30,69400,1000,1000,PASS
2,1000,31,64800,1000,1000,PASS
2,1000,32,63300,1000,1000,PASS
2,1000,33,64600,1000,1000,PASS
2,1000,34,63500,1000,1000,PASS
2,1000,35,66200,1000,1000,PASS
2,1000,36,65100,1000,1000,PASS
2,1000,37,63300,1000,1000,PASS
2,1000,38,63700,1000,1000,PASS
2,1000,39,62700,1000,1000,PASS
2,1000,40,65400,1000,1000,PASS
2,1000,41,63400,1000,1000,PASS
2,1000,42,62900,1000,1000,PASS
2,1000,43,63800,1000,1000,PASS
2,1000,44,62800,1000,1000,PASS
2,1000,45,63900,1000,1000,PASS
2,1000,46,63000,1000,1000,PASS
2,1000,47,64200,1000,1000,PASS
2,1000,48,150900,1000,1000,PASS
2,1000,49,62700,1000,1000,PASS
2,1000,50,67800,1000,1000,PASS
2,1000,51,61500,1000,1000,PASS
2,1000,52,61600,1000,1000,PASS
2,1000,53,61400,1000,1000,PASS
2,1000,54,62700,1000,1000,PASS
2,1000,55,61300,1000,1000,PASS
2,1000,56,61800,1000,1000,PASS
2,1000,57,62300,1000,1000,PASS
2,1000,58,61800,1000,1000,PASS
2,1000,59,63000,1000,1000,PASS
2,1000,60,69500,1000,1000,PASS
2,1000,61,62600,1000,1000,PASS
2,1000,62,61300,1000,1000,PASS
2,1000,63,60600,1000,1000,PASS
2,1000,64,62900,1000,1000,PASS
2,1000,65,60800,1000,1000,PASS
2,1000,66,61500,1000,1000,PASS
2,1000,67,61000,1000,1000,PASS
2,1000,68,61600,1000,1000,PASS
2,1000,69,61900,1000,1000,PASS
2,1000,70,60400,1000,1000,PASS
2,1000,71,62900,1000,1000,PASS
2,1000,72,61400,1000,1000,PASS
2,1000,73,61700,1000,1000,PASS
2,1000,74,60500,1000,1000,PASS
2,1000,75,61400,1000,1000,PASS
2,1000,76,66900,1000,1000,PASS
2,1000,77,111300,1000,1000,PASS
2,1000,78,66600,1000,1000,PASS
2,1000,79,60500,1000,1000,PASS
2,1000,80,61600,1000,1000,PASS
2,1000,81,61000,1000,1000,PASS
2,1000,82,61200,1000,1000,PASS
2,1000,83,62100,1000,1000,PASS
2,1000,84,61300,1000,1000,PASS
2,1000,85,61100,1000,1000,PASS
2,1000,86,61100,1000,1000,PASS
2,1000,87,63600,1000,1000,PASS
2,1000,88,60400,1000,1000,PASS
2,1000,89,60800,1000,1000,PASS
2,1000,90,61300,1000,1000,PASS
2,1000,91,60300,1000,1000,PASS
2,1000,92,63000,1000,1000,PASS
2,1000,93,61200,1000,1000,PASS
2,1000,94,63400,1000,1000,PASS
2,1000,95,61500,1000,1000,PASS
2,1000,96,61200,1000,1000,PASS
2,1000,97,62800,1000,1000,PASS
2,1000,98,60200,1000,1000,PASS
2,1000,99,61900,1000,1000,PASS
2,1000,100,61500,1000,1000,PASS
2,365,1,24100,365,365,PASS
2,365,2,23100,365,365,PASS
2,365,3,24100,365,365,PASS
2,365,4,22700,365,365,PASS
2,365,5,22300,365,365,PASS
2,365,6,23300,365,365,PASS
2,365,7,22500,365,365,PASS
2,365,8,22500,365,365,PASS
2,365,9,23300,365,365,PASS
2,365,10,30300,365,365,PASS
2,365,11,23100,365,365,PASS
2,365,12,23300,365,365,PASS
2,365,13,22900,365,365,PASS
2,365,14,23000,365,365,PASS
2,365,15,23000,365,365,PASS
2,365,16,24200,365,365,PASS
2,365,17,22900,365,365,PASS
2,365,18,22500,365,365,PASS
2,365,19,22400,365,365,PASS
2,365,20,22800,365,365,PASS
2,365,21,22800,365,365,PASS
2,365,22,23000,365,365,PASS
2,365,23,22700,365,365,PASS
2,365,24,22900,365,365,PASS
2,365,25,22900,365,365,PASS
2,365,26,22700,365,365,PASS
2,365,27,22600,365,365,PASS
2,365,28,22400,365,365,PASS
2,365,29,24500,365,365,PASS
2,365,30,22700,365,365,PASS
2,365,31,22800,365,365,PASS
2,365,32,22800,365,365,PASS
2,365,33,22700,365,365,PASS
2,365,34,22800,365,365,PASS
2,365,35,22700,365,365,PASS
2,365,36,23400,365,365,PASS
2,365,37,22600,365,365,PASS
2,365,38,22300,365,365,PASS
2,365,39,22600,365,365,PASS
2,365,40,22500,365,365,PASS
2,365,41,24500,365,365,PASS
2,365,42,23800,365,365,PASS
2,365,43,23100,365,365,PASS
2,365,44,22600,365,365,PASS
2,365,45,22200,365,365,PASS
2,365,46,22600,365,365,PASS
2,365,47,22700,365,365,PASS
2,365,48,22300,365,365,PASS
2,365,49,23000,365,365,PASS
2,365,50,22500,365,365,PASS
2,365,51,22900,365,365,PASS
2,365,52,22400,365,365,PASS
2,365,53,22500,365,365,PASS
2,365,54,22400,365,365,PASS
2,365,55,23500,365,365,PASS
2,365,56,22800,365,365,PASS
2,365,57,22500,365,365,PASS
2,365,58,22700,365,365,PASS
2,365,59,22500,365,365,PASS
2,365,60,22300,365,365,PASS
2,365,61,22900,365,365,PASS
2,365,62,23700,365,365,PASS
2,365,63,22400,365,365,PASS
2,365,64,22600,365,365,PASS
2,365,65,22500,365,365,PASS
2,365,66,22700,365,365,PASS
2,365,67,22600,365,365,PASS
2,365,68,23600,365,365,PASS
2,365,69,23000,365,365,PASS
2,365,70,23300,365,365,PASS
2,365,71,22400,365,365,PASS
2,365,72,22800,365,365,PASS
2,365,73,22900,365,365,PASS
2,365,74,22400,365,365,PASS
2,365,75,23100,365,365,PASS
2,365,76,22600,365,365,PASS
2,365,77,22700,365,365,PASS
2,365,78,22800,365,365,PASS
2,365,79,22500,365,365,PASS
2,365,80,22600,365,365,PASS
2,365,81,23600,365,365,PASS
2,365,82,23100,365,365,PASS
2,365,83,22500,365,365,PASS
2,365,84,23700,365,365,PASS
2,365,85,22400,365,365,PASS
2,365,86,22700,365,365,PASS
2,365,87,22800,365,365,PASS
2,365,88,23200,365,365,PASS
2,365,89,22800,365,365,PASS
2,365,90,22900,365,365,PASS
2,365,91,22900,365,365,PASS
2,365,92,22800,365,365,PASS
2,365,93,22600,365,365,PASS
2,365,94,23700,365,365,PASS
2,365,95,22700,365,365,PASS
2,365,96,22400,365,365,PASS
2,365,97,28000,365,365,PASS
2,365,98,22300,365,365,PASS
2,365,99,22800,365,365,PASS
2,365,100,23300,365,365,PASS
2,30,1,5000,30,30,PASS
2,30,2,3700,30,30,PASS
2,30,3,3300,30,30,PASS
2,30,4,3400,30,30,PASS
2,30,5,4000,30,30,PASS
2,30,6,3300,30,30,PASS
2,30,7,3400,30,30,PASS
2,30,8,3400,30,30,PASS
2,30,9,3400,30,30,PASS
2,30,10,3300,30,30,PASS
2,30,11,3300,30,30,PASS
2,30,12,3300,30,30,PASS
2,30,13,3300,30,30,PASS
2,30,14,3400,30,30,PASS
2,30,15,3300,30,30,PASS
2,30,16,3300,30,30,PASS
2,30,17,3400,30,30,PASS
2,30,18,3400,30,30,PASS
2,30,19,3300,30,30,PASS
2,30,20,3300,30,30,PASS
2,30,21,3400,30,30,PASS
2,30,22,3400,30,30,PASS
2,30,23,3300,30,30,PASS
2,30,24,3300,30,30,PASS
2,30,25,3400,30,30,PASS
2,30,26,3300,30,30,PASS
2,30,27,3300,30,30,PASS
2,30,28,3400,30,30,PASS
2,30,29,3300,30,30,PASS
2,30,30,3300,30,30,PASS
2,30,31,3300,30,30,PASS
2,30,32,3400,30,30,PASS
2,30,33,3400,30,30,PASS
2,30,34,3300,30,30,PASS
2,30,35,4800,30,30,PASS
2,30,36,3400,30,30,PASS
2,30,37,3500,30,30,PASS
2,30,38,3400,30,30,PASS
2,30,39,3400,30,30,PASS
2,30,40,3400,30,30,PASS
2,30,41,3300,30,30,PASS
2,30,42,3400,30,30,PASS
2,30,43,3300,30,30,PASS
2,30,44,3400,30,30,PASS
2,30,45,3400,30,30,PASS
2,30,46,3300,30,30,PASS
2,30,47,3400,30,30,PASS
2,30,48,3400,30,30,PASS
2,30,49,3300,30,30,PASS
2,30,50,3400,30,30,PASS
2,30,51,3400,30,30,PASS
2,30,52,3400,30,30,PASS
2,30,53,3300,30,30,PASS
2,30,54,3400,30,30,PASS
2,30,55,3400,30,30,PASS
2,30,56,3300,30,30,PASS
2,30,57,3400,30,30,PASS
2,30,58,3400,30,30,PASS
2,30,59,3400,30,30,PASS
2,30,60,3400,30,30,PASS
2,30,61,3400,30,30,PASS
2,30,62,3400,30,30,PASS
2,30,63,3400,30,30,PASS
2,30,64,3400,30,30,PASS
2,30,65,3400,30,30,PASS
2,30,66,3400,30,30,PASS
2,30,67,3400,30,30,PASS
2,30,68,4200,30,30,PASS
2,30,69,3500,30,30,PASS
2,30,70,3700,30,30,PASS
2,30,71,3500,30,30,PASS
2,30,72,3400,30,30,PASS
2,30,73,3400,30,30,PASS
2,30,74,4200,30,30,PASS
2,30,75,3400,30,30,PASS
2,30,76,3300,30,30,PASS
2,30,77,4800,30,30,PASS
2,30,78,3400,30,30,PASS
2,30,79,3300,30,30,PASS
2,30,80,3400,30,30,PASS
2,30,81,3400,30,30,PASS
2,30,82,3400,30,30,PASS
2,30,83,3300,30,30,PASS
2,30,84,3300,30,30,PASS
2,30,85,3300,30,30,PASS
2,30,86,3400,30,30,PASS
2,30,87,3300,30,30,PASS
2,30,88,3300,30,30,PASS
2,30,89,3500,30,30,PASS
2,30,90,3300,30,30,PASS
2,30,91,3500,30,30,PASS
2,30,92,3300,30,30,PASS
2,30,93,3300,30,30,PASS
2,30,94,3300,30,30,PASS
2,30,95,3400,30,30,PASS
2,30,96,3300,30,30,PASS
2,30,97,3300,30,30,PASS
2,30,98,3300,30,30,PASS
2,30,99,4100,30,30,PASS
2,30,100,3400,30,30,PASS
